year,month,day,hour,minute,second,latitude,longitude,depth,mag_type,magnitude
1970,3,3,8,22,44.0,26.25,103.15,0,ML,2.1
1970,3,16,7,44,58.0,26.03,102.45,0,ML,3.4
1970,3,16,7,46,46.0,26.05,102.48,0,ML,3.4
1970,3,16,11,51,32.0,26.03,102.48,0,ML,2.3
1970,3,17,4,47,3.0,26.3,102.2,0,ML,1.9
1970,4,27,13,14,44.0,26.25,102.77,0,ML,2.4
1970,5,4,12,8,54.0,26.22,103.2,0,ML,2.1
1970,8,4,21,0,48.0,26.17,102.17,19,ML,2.8
1970,8,20,12,21,18.0,26.07,102.5,0,ML,2.6
1970,12,3,9,4,44.0,26.37,102.17,20,ML,1.9
1970,12,10,6,12,54.0,26.27,102.3,0,ML,3.6
1971,1,1,20,17,30.0,26.32,102.22,0,ML,1.6
1971,1,3,11,36,0.0,26.0,102.33,0,ML,3.0
1971,1,6,16,14,38.0,26.3,102.2,0,ML,2.2
1971,2,16,0,30,6.0,26.3,102.18,30,ML,2.7
1971,2,21,3,24,12.0,26.28,102.28,0,ML,2.3
1971,2,26,14,23,57.0,26.0,102.2,30,ML,2.5
1971,3,25,21,11,21.0,26.27,102.52,0,ML,3.0
1971,3,27,15,48,4.0,26.2,102.63,0,ML,2.1
1971,4,1,1,40,49.0,26.3,102.27,13,ML,1.8
1971,7,31,9,20,48.0,26.0,102.45,0,ML,3.0
1971,9,24,15,13,46.0,26.32,102.97,0,ML,1.8
1971,11,14,10,44,48.0,26.1,102.2,0,ML,1.8
1972,1,19,9,38,51.0,26.18,102.65,0,ML,2.7
1972,2,6,23,36,48.0,26.18,102.67,0,ML,2.5
1972,2,22,11,54,7.0,26.12,102.68,0,ML,3.0
1972,2,22,11,56,16.0,26.18,102.32,0,ML,2.5
1972,2,23,11,54,7.0,26.1,102.6,0,ML,2.9
1972,2,23,11,56,16.0,26.1,102.2,0,ML,2.8
1972,4,9,0,42,59.0,26.33,102.72,0,ML,2.5
1972,4,14,19,31,0.0,26.02,102.77,0,ML,2.5
1972,7,12,4,3,28.0,26.2,102.4,0,ML,2.2
1972,7,17,2,9,1.0,26.2,102.3,0,ML,1.7
1972,7,30,17,6,6.0,26.0,103.4,0,ML,3.1
1972,9,2,14,25,20.0,26.28,102.2,0,ML,1.8
1973,1,9,3,45,44.0,26.3,102.7,0,ML,2.0
1973,2,23,10,6,33.0,26.3,102.2,0,ML,2.3
1973,4,7,12,49,20.0,26.4,102.8,0,ML,1.9
1973,5,26,20,48,13.0,26.3,102.7,0,ML,2.3
1973,8,17,8,44,55.0,26.08,102.18,0,ML,3.5
1973,9,5,2,34,29.0,26.07,102.43,0,ML,2.5
1973,10,30,8,52,47.0,26.12,102.65,0,ML,3.0
1973,12,9,23,1,10.0,26.2,102.2,0,ML,1.8
1973,12,20,20,20,50.0,26.3,103.0,0,ML,2.1
1973,12,22,4,30,26.0,26.3,102.2,0,ML,1.9
1974,1,13,7,34,5.0,26.3,102.9,0,ML,2.1
1974,1,15,22,32,16.0,26.0,102.7,0,ML,2.3
1974,1,25,2,28,17.0,26.02,102.17,20,ML,2.4
1974,2,23,6,41,46.0,26.3,102.4,0,ML,2.0
1974,3,4,5,26,20.0,26.3,102.2,0,ML,1.8
1974,3,19,17,32,17.0,26.0,102.2,0,ML,1.7
1974,3,20,20,57,35.0,26.37,102.47,0,ML,3.3
1974,3,22,5,50,44.0,26.1,102.25,0,ML,2.3
1974,4,13,0,8,4.0,26.0,102.6,0,ML,2.4
1974,4,13,0,8,5.0,26.08,102.6,0,ML,2.4
1974,7,18,22,45,19.0,26.3,102.9,0,ML,2.2
1974,8,23,23,52,41.0,26.23,103.08,0,ML,2.2
1974,8,29,17,19,44.0,26.35,102.23,0,ML,1.8
1974,9,13,4,35,43.0,26.07,102.73,0,ML,2.0
1974,9,26,15,20,7.0,26.3,102.2,0,ML,2.0
1974,9,27,16,50,20.0,26.3,102.2,0,ML,2.0
1974,10,12,7,48,0.0,26.3,102.2,0,ML,2.3
1974,10,21,16,35,18.0,26.3,102.2,0,ML,1.5
1974,10,21,16,51,58.0,26.3,102.2,0,ML,1.5
1974,10,21,20,12,20.0,26.3,102.7,0,ML,1.7
1974,11,4,9,35,25.0,26.2,103.0,0,ML,2.5
1974,11,8,9,40,26.0,26.0,103.0,0,ML,2.1
1974,11,15,1,53,1.0,26.03,102.67,0,ML,2.7
1974,11,15,3,51,14.0,26.17,102.63,0,ML,3.1
1974,11,18,20,31,27.0,26.13,102.63,0,ML,2.7
1974,11,23,20,39,9.0,26.15,102.68,0,ML,2.2
1974,11,26,7,5,29.0,26.1,102.15,0,ML,2.0
1974,11,26,22,28,33.0,26.1,103.1,0,ML,2.0
1974,11,28,9,6,55.0,26.3,102.2,0,ML,1.7
1974,12,19,4,29,40.0,26.12,102.67,0,ML,2.0
1974,12,19,22,34,33.0,26.4,102.4,0,ML,1.5
1975,1,10,8,12,3.0,26.0,102.57,0,ML,2.3
1975,1,22,21,27,47.0,26.3,103.1,0,ML,1.9
1975,1,22,21,40,27.0,26.4,103.0,0,ML,3.2
1975,2,25,7,5,53.0,26.4,102.7,0,ML,2.2
1975,3,3,1,27,53.0,26.38,102.6,0,ML,2.5
1975,3,18,23,1,58.0,26.4,102.2,0,ML,1.8
1975,3,26,6,0,16.0,26.4,102.2,0,ML,2.3
1975,3,26,9,41,24.0,26.2,103.0,0,ML,2.2
1975,3,26,11,15,26.0,26.3,103.1,0,ML,2.0
1975,3,29,22,27,43.0,26.37,103.05,0,ML,2.6
1975,4,2,17,12,55.0,26.37,102.95,0,ML,2.5
1975,4,12,3,4,44.0,26.2,102.2,0,ML,2.1
1975,4,14,0,35,28.0,26.2,103.0,0,ML,2.5
1975,4,14,1,5,16.0,26.37,103.05,0,ML,2.1
1975,4,22,6,41,48.0,26.35,103.07,0,ML,2.6
1975,4,22,6,46,1.0,26.35,103.13,0,ML,2.2
1975,4,22,8,30,4.0,26.37,103.07,0,ML,2.4
1975,4,23,21,51,52.0,26.2,103.0,0,ML,1.9
1975,4,28,16,55,16.0,26.0,102.9,0,ML,2.4
1975,5,28,23,39,4.0,26.3,102.5,0,ML,2.2
1975,7,5,11,25,20.0,26.0,102.5,0,ML,1.8
1975,7,7,12,42,55.0,26.0,103.4,0,ML,2.3
1975,8,9,15,27,56.0,26.0,103.2,0,ML,2.1
1975,9,28,2,14,25.0,26.2,103.0,0,ML,2.0
1975,10,17,6,53,3.0,26.3,102.2,0,ML,2.3
1975,10,19,15,9,45.0,26.4,102.7,0,ML,2.9
1975,10,27,3,52,24.0,26.23,102.67,0,ML,2.6
1975,11,1,7,34,13.0,26.3,102.2,0,ML,1.6
1975,11,10,1,47,36.0,26.3,102.22,0,ML,1.9
1975,11,13,23,30,3.0,26.3,102.4,0,ML,1.9
1975,12,3,2,1,51.0,26.32,102.17,0,ML,1.6
1975,12,26,2,10,25.0,26.3,102.8,0,ML,2.1
1976,2,4,11,51,49.0,26.25,102.42,0,ML,1.9
1976,2,7,15,55,8.0,26.35,102.75,0,ML,2.9
1976,2,15,7,22,20.0,26.2,103.02,0,ML,1.9
1976,2,27,21,13,9.0,26.3,102.75,0,ML,2.0
1976,6,5,4,26,9.0,26.0,102.18,0,ML,3.2
1976,6,27,22,54,27.0,26.38,102.47,0,ML,2.8
1976,8,12,3,29,50.0,26.07,102.5,0,ML,3.8
1976,8,15,15,18,24.0,26.3,102.23,0,ML,1.5
1976,10,14,22,6,29.0,26.28,102.8,0,ML,1.9
1976,10,27,9,10,16.0,26.2,103.02,0,ML,2.2
1976,11,19,23,45,23.0,26.3,103.0,0,ML,2.3
1977,1,6,22,19,45.0,26.38,102.45,0,ML,1.5
1977,1,19,4,5,26.0,26.28,102.57,0,ML,3.5
1977,1,19,4,27,34.0,26.37,102.65,0,ML,2.3
1977,1,19,5,38,35.0,26.32,102.53,0,ML,2.1
1977,1,19,13,0,34.0,26.38,102.6,0,ML,1.9
1977,1,26,4,1,15.0,26.35,102.57,0,ML,2.4
1977,1,31,20,15,28.0,26.35,102.52,0,ML,1.6
1977,2,5,20,59,6.0,26.35,102.5,0,ML,1.7
1977,2,6,18,35,13.0,26.35,102.53,0,ML,2.1
1977,2,25,23,27,12.0,26.1,102.65,0,ML,1.9
1977,3,12,5,11,9.0,26.25,102.82,0,ML,1.9
1977,3,18,0,51,12.0,26.38,103.02,0,ML,1.9
1977,5,4,9,27,26.0,26.1,102.2,0,ML,1.9
1977,5,18,1,14,4.0,26.22,102.17,0,ML,1.6
1977,6,19,11,43,3.0,26.07,103.13,0,ML,3.7
1977,9,2,19,22,14.0,26.28,102.25,0,ML,1.8
1977,9,26,22,45,48.0,26.32,102.68,0,ML,1.8
1977,9,29,0,26,28.0,26.4,103.0,0,ML,1.9
1977,10,3,2,7,37.0,26.3,102.9,0,ML,1.7
1977,12,1,22,13,54.0,26.17,102.28,0,ML,1.6
1977,12,5,2,32,45.0,26.38,103.07,0,ML,2.3
1977,12,7,22,8,2.0,26.3,102.23,0,ML,2.5
1977,12,18,5,45,8.0,26.03,103.27,0,ML,2.5
1977,12,18,12,15,2.0,26.1,103.13,0,ML,2.8
1977,12,19,11,33,8.0,26.1,103.2,0,ML,1.9
1977,12,20,11,45,3.0,26.0,103.2,0,ML,1.8
1977,12,29,16,7,25.0,26.18,102.65,0,ML,2.2
1978,1,17,22,28,28.0,26.2,102.8,0,ML,1.8
1978,2,1,18,48,18.0,26.08,102.65,0,ML,2.3
1978,2,15,6,29,15.6,26.1,103.2,0,ML,3.2
1978,2,15,6,29,20.0,26.13,103.15,0,ML,2.8
1978,2,27,13,59,45.0,26.28,103.1,0,ML,2.7
1978,4,8,18,37,49.0,26.32,102.58,0,ML,3.4
1978,5,1,12,11,33.0,26.4,102.18,0,ML,2.0
1978,5,23,0,43,50.0,26.02,102.47,0,ML,3.5
1978,5,24,15,10,32.0,26.32,102.17,0,ML,2.3
1978,5,26,13,0,1.0,26.0,102.3,0,ML,3.5
1978,6,5,11,17,11.0,26.05,103.05,0,ML,2.4
1978,6,10,12,31,43.0,26.22,102.62,0,ML,2.6
1978,7,7,22,54,44.0,26.35,102.2,0,ML,1.8
1978,7,7,23,53,12.0,26.33,102.18,0,ML,2.4
1978,7,9,10,55,32.0,26.28,103.05,0,ML,2.9
1978,7,10,17,23,51.0,26.22,102.8,0,ML,2.6
1978,7,11,13,0,6.0,26.0,103.0,0,ML,2.5
1978,9,14,19,39,57.0,26.33,103.05,0,ML,4.5
1978,9,21,3,13,9.0,26.1,102.2,0,ML,1.6
1978,10,22,15,18,59.0,26.35,103.22,0,ML,2.0
1978,11,22,1,3,4.0,26.35,102.37,0,ML,2.7
1978,12,3,19,36,8.0,26.3,102.33,0,ML,1.7
1978,12,21,15,44,25.0,26.28,102.23,0,ML,2.4
1979,2,17,19,47,32.0,26.28,103.45,0,ML,2.0
1979,2,22,9,23,10.0,26.28,102.25,0,ML,1.6
1979,3,3,1,32,11.0,26.15,103.3,0,ML,2.5
1979,3,3,4,32,12.0,26.13,103.17,0,ML,3.0
1979,4,28,23,18,11.0,26.35,102.3,0,ML,1.7
1979,5,19,11,50,42.0,26.1,103.5,0,ML,1.8
1979,6,3,10,59,10.0,26.33,102.92,0,ML,2.4
1979,6,4,13,29,49.0,26.3,102.28,0,ML,1.7
1979,6,5,4,51,56.0,26.3,103.0,0,ML,1.6
1979,6,18,22,40,28.0,26.0,102.58,0,ML,1.8
1979,7,2,0,35,3.0,26.37,103.5,0,ML,2.0
1979,7,12,5,25,41.0,26.05,103.07,0,ML,2.2
1979,7,26,13,4,33.0,26.3,102.25,0,ML,2.5
1979,9,5,11,47,33.0,26.3,102.47,0,ML,2.0
1979,10,14,7,7,47.0,26.07,102.72,0,ML,2.5
1979,10,27,20,15,49.0,26.33,102.73,0,ML,1.8
1979,12,8,13,3,50.0,26.15,103.42,0,ML,2.3
1979,12,31,3,57,6.0,26.02,102.6,0,ML,2.5
1980,1,9,8,54,14.0,26.0,102.2,0,ML,2.7
1980,1,21,14,13,51.0,26.2,103.4,0,ML,2.0
1980,1,25,20,43,22.0,26.3,102.43,0,ML,1.7
1980,2,18,0,20,50.0,26.13,103.1,0,ML,3.2
1980,2,22,20,59,14.0,26.2,103.17,0,ML,2.1
1980,2,23,20,59,14.0,26.2,103.33,0,ML,2.1
1980,2,24,1,59,18.0,26.15,102.88,0,ML,2.3
1980,4,1,12,11,24.0,26.32,103.25,0,ML,1.8
1980,4,29,17,0,55.0,26.38,103.45,0,ML,2.1
1980,4,30,17,0,55.0,26.38,103.45,0,ML,2.1
1980,5,18,4,58,31.0,26.0,102.6,0,ML,1.5
1980,6,19,8,37,22.0,26.03,102.8,0,ML,2.6
1980,9,8,20,10,39.0,26.02,102.17,0,ML,2.6
1980,9,30,19,49,30.0,26.28,103.0,0,ML,2.1
1980,10,5,21,51,2.0,26.4,102.8,0,ML,2.4
1980,10,22,3,39,57.0,26.0,103.37,0,ML,2.2
1980,10,22,5,12,44.0,26.33,103.17,0,ML,2.0
1980,11,19,1,47,39.0,26.25,102.92,0,ML,2.1
1980,12,1,11,36,28.0,26.0,103.22,0,ML,2.8
1980,12,4,12,31,34.0,26.18,103.0,0,ML,2.2
1980,12,19,1,53,3.0,26.27,102.67,0,ML,2.5
1981,1,1,18,2,19.0,26.4,102.95,0,ML,2.4
1981,1,17,2,6,31.0,26.4,102.8,0,ML,1.2
1981,2,19,16,7,31.0,26.4,102.7,0,ML,1.7
1981,3,12,6,3,29.0,26.1,102.15,0,ML,2.5
1981,3,12,6,45,20.0,26.1,102.2,0,ML,1.7
1981,3,17,11,45,6.0,26.23,103.35,0,ML,1.4
1981,3,18,3,10,20.0,26.27,102.87,0,ML,2.2
1981,4,23,7,18,8.0,26.4,102.9,0,ML,2.3
1981,5,13,15,39,52.0,26.0,102.4,0,ML,2.5
1981,5,18,17,33,57.0,26.3,102.68,0,ML,1.9
1981,5,26,10,24,31.0,26.22,102.27,0,ML,2.2
1981,6,15,23,55,37.0,26.03,102.67,0,ML,3.3
1981,6,23,6,13,59.0,26.35,102.23,0,ML,2.5
1981,7,14,19,16,16.0,26.22,102.72,0,ML,2.0
1981,7,21,20,6,42.0,26.25,102.7,0,ML,2.2
1981,7,22,13,35,40.0,26.2,102.5,0,ML,2.7
1981,8,3,16,13,1.0,26.2,102.8,0,ML,1.9
1981,8,8,18,55,38.0,26.3,103.05,0,ML,2.1
1981,8,15,23,19,34.0,26.27,102.68,0,ML,1.9
1981,8,15,23,20,15.0,26.27,102.68,0,ML,2.0
1981,9,3,16,15,30.0,26.32,102.95,0,ML,1.8
1981,10,10,20,56,23.0,26.13,103.25,0,ML,2.3
1981,11,6,20,20,4.0,26.38,102.72,0,ML,2.2
1981,11,11,14,31,32.0,26.4,102.8,0,ML,2.1
1981,11,24,4,26,55.0,26.0,103.2,0,ML,2.0
1981,12,14,1,53,36.0,26.13,102.68,0,ML,2.0
1981,12,19,21,2,13.0,26.2,102.7,0,ML,2.4
1982,3,30,22,31,1.0,26.3,103.1,0,ML,2.2
1982,4,18,6,53,56.0,26.4,102.9,0,ML,2.3
1982,5,9,17,1,18.0,26.3,102.78,0,ML,2.4
1982,5,9,18,31,38.0,26.28,102.85,0,ML,2.5
1982,5,15,12,29,29.0,26.2,103.42,0,ML,2.2
1982,6,26,14,16,47.0,26.3,102.9,0,ML,2.0
1982,6,30,1,6,18.0,26.3,102.9,0,ML,2.2
1982,7,22,5,59,23.0,26.33,102.87,0,ML,2.5
1982,8,13,11,43,28.0,26.2,103.1,0,ML,2.4
1982,9,14,16,31,56.0,26.1,102.2,0,ML,2.0
1982,9,18,7,24,12.0,26.4,103.02,0,ML,2.3
1982,9,19,6,8,28.0,26.07,102.3,0,ML,2.8
1982,11,5,2,50,17.0,26.37,102.63,0,ML,2.7
1982,11,6,11,58,58.0,26.1,103.0,0,ML,1.8
1982,11,22,0,43,16.0,26.3,102.23,0,ML,1.5
1982,11,22,15,31,47.0,26.33,102.9,0,ML,2.7
1982,11,24,7,16,13.0,26.0,102.8,0,ML,2.2
1982,11,25,13,28,22.0,26.1,102.9,0,ML,2.2
1982,12,2,11,4,6.0,26.05,102.15,0,ML,3.6
1982,12,6,17,41,0.0,26.23,102.97,0,ML,2.5
1982,12,20,10,27,17.0,26.37,102.98,0,ML,1.9
1982,12,20,19,9,24.0,26.3,102.67,0,ML,2.6
1982,12,26,6,48,21.0,26.4,102.3,0,ML,1.4
1982,12,30,12,34,8.0,26.15,103.0,0,ML,2.2
1983,1,19,20,50,16.0,26.2,102.9,0,ML,2.3
1983,2,1,23,16,1.0,26.25,102.88,0,ML,2.3
1983,2,28,6,29,12.0,26.33,102.23,0,ML,2.0
1983,3,5,18,57,22.0,26.15,102.93,0,ML,2.3
1983,3,8,22,8,27.0,26.4,102.88,0,ML,2.4
1983,3,30,19,3,9.0,26.22,102.88,0,ML,2.3
1983,4,24,16,43,16.0,26.4,102.55,0,ML,2.3
1983,5,7,8,35,35.0,26.25,102.85,0,ML,2.6
1983,5,9,1,42,19.0,26.0,102.57,0,ML,2.3
1983,5,15,22,30,11.0,26.32,102.97,0,ML,2.3
1983,5,29,4,15,20.0,26.1,103.2,0,ML,2.3
1983,6,27,12,29,32.0,26.25,102.78,0,ML,2.6
1983,7,1,12,20,28.0,26.4,103.3,0,ML,1.9
1983,7,12,16,10,15.0,26.22,103.1,0,ML,2.7
1983,7,15,16,16,51.0,26.27,103.08,0,ML,2.4
1983,8,1,7,30,11.0,26.4,102.83,0,ML,2.4
1983,8,10,12,20,20.0,26.27,102.87,0,ML,2.3
1983,8,17,14,20,9.0,26.17,103.03,0,ML,2.5
1983,8,20,9,1,51.0,26.22,102.85,0,ML,2.6
1983,9,29,9,11,28.0,26.03,102.2,0,ML,3.4
1983,9,29,19,57,52.0,26.27,102.92,0,ML,2.3
1983,10,2,5,11,23.0,26.3,102.23,0,ML,1.6
1983,10,5,21,33,16.0,26.2,102.8,0,ML,2.2
1983,10,19,0,14,2.0,26.32,103.0,0,ML,2.1
1983,10,22,16,27,24.0,26.2,102.9,0,ML,2.0
1983,11,12,13,10,32.0,26.2,103.1,0,ML,2.2
1983,11,13,19,59,33.0,26.17,102.6,0,ML,2.0
1983,11,19,11,44,14.0,26.3,103.4,0,ML,2.2
1983,12,20,22,49,28.0,26.18,102.77,0,ML,1.9
1983,12,25,15,1,20.0,26.28,102.77,0,ML,2.8
1983,12,29,9,32,20.0,26.32,102.45,0,ML,2.2
1984,1,4,4,17,58.0,26.0,102.2,0,ML,1.9
1984,1,10,12,5,35.0,26.2,103.1,0,ML,1.9
1984,1,12,8,20,15.0,26.35,102.7,0,ML,2.3
1984,1,26,17,19,21.0,26.03,102.23,0,ML,2.9
1984,1,27,20,49,30.0,26.3,102.95,0,ML,2.4
1984,2,5,2,44,7.0,26.37,102.2,0,ML,1.4
1984,3,4,18,26,55.0,26.0,103.08,0,ML,3.4
1984,4,7,22,10,50.0,26.32,103.45,0,ML,1.9
1984,4,14,5,13,24.0,26.32,102.82,0,ML,2.6
1984,4,21,2,27,48.0,26.1,102.17,0,ML,1.6
1984,4,23,13,21,46.0,26.23,103.13,0,ML,2.1
1984,5,3,13,37,59.0,26.17,103.0,0,ML,2.1
1984,5,4,1,33,48.0,26.03,103.4,0,ML,2.1
1984,5,4,18,12,47.0,26.3,102.87,0,ML,2.2
1984,5,13,3,32,41.0,26.07,103.18,0,ML,2.6
1984,5,13,5,34,6.0,26.2,103.2,0,ML,1.8
1984,5,21,19,4,47.0,26.3,102.6,0,ML,2.2
1984,6,12,20,56,48.0,26.05,103.12,0,ML,2.5
1984,8,21,16,35,37.3,26.28,102.8,0,ML,1.9
1984,8,22,12,50,22.0,26.1,102.9,0,ML,2.0
1984,9,22,12,45,43.0,26.22,103.18,0,ML,1.8
1984,9,23,11,1,7.0,26.3,102.72,0,ML,2.6
1984,10,6,6,45,36.0,26.0,103.1,0,ML,1.9
1984,10,11,9,24,49.0,26.08,103.18,0,ML,1.8
1984,10,30,21,5,54.0,26.4,102.4,0,ML,1.8
1984,11,1,2,48,56.0,26.12,102.2,0,ML,1.7
1984,11,1,5,41,26.0,26.0,102.23,0,ML,2.1
1984,11,1,5,45,6.0,26.0,102.2,0,ML,1.8
1984,11,2,19,15,19.0,26.1,102.6,0,ML,1.8
1984,11,15,19,5,51.0,26.02,102.58,0,ML,2.5
1984,11,16,11,57,31.0,26.33,102.2,0,ML,1.8
1984,12,3,5,11,47.0,26.3,102.23,0,ML,2.0
1984,12,12,6,17,56.0,26.17,103.2,0,ML,2.1
1984,12,17,9,23,32.0,26.07,103.27,0,ML,2.1
1984,12,27,13,27,34.0,26.15,103.07,0,ML,1.8
1985,1,8,10,22,36.0,26.0,103.27,0,ML,2.0
1985,1,22,13,46,42.0,26.12,103.0,0,ML,2.0
1985,2,15,12,12,13.0,26.23,103.15,0,ML,2.4
1985,3,13,6,8,27.0,26.38,102.18,0,ML,1.8
1985,3,19,17,3,48.0,26.05,103.28,0,ML,2.3
1985,4,7,12,23,41.0,26.3,103.1,0,ML,2.1
1985,5,3,22,30,0.0,26.18,102.93,0,ML,2.4
1985,5,12,13,30,14.0,26.35,102.63,0,ML,2.0
1985,5,31,8,23,57.0,26.17,102.87,0,ML,1.8
1985,5,31,19,26,2.0,26.25,102.88,0,ML,2.4
1985,6,2,22,34,36.0,26.12,102.95,0,ML,2.4
1985,6,9,2,52,6.0,26.28,102.8,0,ML,2.5
1985,6,9,12,6,57.0,26.1,102.9,0,ML,1.7
1985,6,26,5,38,6.0,26.38,102.98,0,ML,1.4
1985,6,26,22,40,59.0,26.4,102.8,0,ML,1.7
1985,6,28,6,40,20.0,26.25,102.73,0,ML,2.4
1985,6,30,10,4,10.0,26.33,102.18,0,ML,1.7
1985,7,12,14,32,33.0,26.23,102.83,0,ML,2.1
1985,7,19,11,4,10.0,26.18,103.1,0,ML,1.5
1985,7,20,11,58,7.0,26.2,103.05,0,ML,1.5
1985,7,20,15,57,53.0,26.27,102.42,0,ML,1.7
1985,7,31,21,48,38.0,26.18,102.87,0,ML,2.5
1985,8,22,11,45,37.0,26.1,102.9,0,ML,1.6
1985,8,23,20,32,2.0,26.2,102.8,0,ML,1.0
1985,8,30,16,10,11.0,26.18,102.95,0,ML,2.0
1985,9,25,10,16,42.0,26.27,102.9,0,ML,2.4
1985,9,28,5,6,50.0,26.3,103.43,0,ML,1.9
1985,10,7,13,34,50.0,26.03,102.8,0,ML,2.1
1985,10,11,18,3,9.0,26.33,103.03,0,ML,3.3
1985,10,18,18,30,54.0,26.0,103.13,0,ML,2.5
1985,10,23,18,5,46.0,26.2,102.9,0,ML,1.2
1985,10,23,22,45,8.0,26.2,102.8,0,ML,1.1
1985,10,23,23,48,5.0,26.2,102.85,0,ML,1.7
1985,10,27,20,2,47.0,26.18,102.93,0,ML,1.6
1985,11,1,6,6,45.0,26.0,103.13,0,ML,2.7
1985,11,1,6,7,30.0,26.0,103.2,0,ML,2.1
1985,11,1,9,11,59.0,26.0,103.2,0,ML,2.4
1985,11,16,3,12,41.0,26.02,102.62,0,ML,2.4
1985,12,3,11,32,35.0,26.22,102.93,0,ML,1.3
1985,12,3,12,8,41.0,26.1,102.93,0,ML,1.5
1985,12,17,17,56,42.0,26.15,102.8,0,ML,1.7
1985,12,19,12,42,39.0,26.05,103.0,0,ML,1.8
1985,12,26,18,34,54.0,26.13,102.9,0,ML,1.6
1985,12,28,15,56,30.0,26.2,102.8,0,ML,2.1
1986,1,16,6,54,52.0,26.1,103.1,0,ML,1.9
1986,1,17,7,8,43.0,26.28,102.8,0,ML,1.7
1986,1,21,12,51,51.0,26.12,102.92,0,ML,1.6
1986,1,21,14,8,35.0,26.0,103.2,0,ML,2.2
1986,2,1,19,43,0.0,26.13,102.83,0,ML,1.5
1986,2,3,18,19,30.0,26.22,102.57,0,ML,2.1
1986,2,3,18,21,21.0,26.27,102.55,0,ML,1.8
1986,2,3,18,26,12.0,26.27,102.67,0,ML,1.8
1986,2,12,11,55,38.0,26.2,102.9,0,ML,1.7
1986,3,3,6,29,7.0,26.15,102.68,0,ML,2.3
1986,3,3,15,24,42.0,26.15,102.7,0,ML,2.4
1986,3,5,0,26,35.0,26.05,102.68,0,ML,1.6
1986,3,7,11,44,41.0,26.12,103.0,0,ML,1.8
1986,3,10,11,42,56.0,26.1,102.9,0,ML,2.0
1986,3,10,17,37,16.0,26.03,103.08,0,ML,2.3
1986,3,11,12,5,29.0,26.0,103.08,0,ML,2.0
1986,3,15,4,23,8.0,26.22,102.83,0,ML,1.9
1986,3,19,11,49,9.0,26.1,102.9,0,ML,1.5
1986,3,30,16,46,28.0,26.2,102.87,0,ML,2.5
1986,3,31,11,9,24.0,26.4,103.0,0,ML,1.6
1986,4,5,1,27,47.0,26.2,102.9,0,ML,1.6
1986,4,6,13,30,7.0,26.4,102.83,0,ML,2.6
1986,4,13,12,35,40.0,26.4,102.83,0,ML,2.0
1986,4,14,11,55,23.0,26.4,102.8,0,ML,1.8
1986,4,14,12,24,59.0,26.4,102.9,0,ML,2.0
1986,4,17,4,37,2.0,26.3,102.7,0,ML,1.9
1986,4,17,21,23,58.0,26.4,102.87,0,ML,1.8
1986,4,22,9,57,54.0,26.32,103.23,0,ML,1.5
1986,4,23,22,4,53.0,26.4,102.83,0,ML,1.9
1986,4,28,2,14,54.0,26.4,102.85,0,ML,2.1
1986,5,6,11,9,7.0,26.12,103.13,0,ML,2.0
1986,5,16,17,33,40.0,26.4,102.42,0,ML,2.0
1986,5,18,0,15,36.0,26.4,102.38,0,ML,3.0
1986,5,18,17,13,35.0,26.0,102.8,0,ML,1.8
1986,5,23,11,22,18.0,26.2,103.2,0,ML,1.3
1986,5,24,16,42,38.0,26.18,102.83,0,ML,1.9
1986,5,27,12,18,14.0,26.1,103.0,0,ML,2.3
1986,5,28,22,59,5.0,26.23,103.0,0,ML,2.1
1986,6,12,19,57,56.0,26.2,102.7,0,ML,1.4
1986,6,24,13,17,2.0,26.3,103.5,0,ML,2.0
1986,6,26,11,25,55.0,26.3,102.2,0,ML,1.8
1986,6,28,20,34,7.0,26.15,102.85,0,ML,2.1
1986,7,5,19,16,44.0,26.22,102.92,0,ML,2.3
1986,7,15,7,10,10.0,26.27,102.9,0,ML,1.6
1986,7,30,16,29,42.0,26.2,102.9,0,ML,2.0
1986,8,3,8,36,48.0,26.35,103.12,0,ML,2.2
1986,8,8,10,16,4.0,26.2,102.9,0,ML,1.4
1986,8,25,2,33,13.0,26.37,102.85,0,ML,2.1
1986,8,28,10,29,17.0,26.08,102.75,0,ML,1.9
1986,8,29,15,1,50.0,26.05,103.15,0,ML,3.6
1986,8,29,15,43,25.0,26.07,103.18,0,ML,2.2
1986,8,29,18,31,49.0,26.03,103.08,0,ML,1.9
1986,9,6,23,21,32.0,26.17,103.0,0,ML,2.1
1986,9,21,12,28,59.0,26.4,102.9,0,ML,2.1
1986,9,24,6,14,11.0,26.28,102.58,0,ML,1.6
1986,10,2,18,33,58.0,26.28,102.87,0,ML,2.1
1986,10,8,6,41,14.0,26.38,102.85,0,ML,1.7
1986,10,8,11,25,14.0,26.2,102.83,0,ML,1.5
1986,10,10,20,6,9.0,26.2,103.0,0,ML,0.9
1986,10,16,0,14,14.0,26.22,102.85,0,ML,1.7
1986,10,28,2,10,51.0,26.2,103.4,0,ML,1.7
1986,11,11,1,51,26.0,26.4,102.85,0,ML,1.7
1986,11,11,15,15,8.0,26.3,102.87,0,ML,2.5
1986,11,15,23,12,14.0,26.33,102.2,0,ML,2.3
1986,11,21,12,12,11.0,26.02,102.98,0,ML,1.8
1986,11,22,23,1,41.0,26.12,102.97,0,ML,1.9
1986,11,30,21,53,43.0,26.0,102.65,0,ML,2.2
1986,12,1,20,37,55.0,26.05,102.65,0,ML,2.4
1986,12,3,0,53,38.0,26.32,102.2,0,ML,2.1
1986,12,13,14,5,2.0,26.02,103.1,0,ML,2.3
1986,12,27,17,46,27.0,26.25,102.8,0,ML,1.8
1987,2,11,0,13,29.0,26.18,103.08,0,ML,2.6
1987,4,1,15,27,48.3,26.03,102.65,20,ML,2.6
1987,5,13,21,3,51.0,26.4,103.05,0,ML,2.7
1987,6,9,2,27,36.9,26.05,102.72,20,ML,2.6
1987,6,12,23,8,44.5,26.15,103.1,0,ML,2.6
1987,8,6,22,13,49.3,26.1,103.2,0,ML,2.5
1987,8,9,6,49,10.1,26.15,102.88,0,ML,2.5
1987,8,18,5,48,28.3,26.02,103.13,0,ML,2.5
1987,8,18,18,15,34.4,26.15,102.23,0,ML,2.8
1987,12,16,6,16,52.0,26.15,103.07,0,ML,2.5
1988,4,15,1,53,13.8,26.33,102.68,15,ML,3.8
1988,4,15,18,58,15.2,26.3,102.75,15,Ms,5.3
1988,7,1,6,49,44.6,26.27,102.87,0,ML,2.6
1988,7,1,14,32,27.6,26.25,102.92,0,ML,2.5
1988,7,21,21,52,25.0,26.3,102.7,0,ML,2.7
1988,9,1,7,57,31.4,26.08,102.57,0,ML,2.9
1988,9,5,19,23,16.6,26.4,103.0,0,ML,2.5
1988,9,6,11,19,14.7,26.37,102.72,10,ML,3.0
1988,9,9,8,48,5.9,26.4,102.97,15,ML,3.0
1988,9,10,18,48,48.4,26.3,103.23,0,ML,2.8
1988,9,22,10,51,14.3,26.05,102.62,0,ML,3.1
1988,9,28,1,20,15.5,26.3,102.72,15,ML,3.0
1988,11,18,6,5,46.6,26.37,103.05,0,ML,2.8
1988,11,30,22,2,6.3,26.25,102.73,10,ML,2.8
1989,1,19,0,21,41.9,26.38,103.0,0,ML,3.1
1989,3,29,12,13,43.0,26.1,103.2,0,ML,2.8
1989,3,29,19,20,53.4,26.1,103.2,0,ML,2.6
1989,3,30,10,51,31.4,26.1,103.2,0,ML,2.6
1989,4,3,17,21,30.9,26.1,103.2,0,ML,2.5
1989,4,7,20,12,10.6,26.27,102.77,0,ML,2.5
1989,6,8,0,20,14.8,26.22,102.33,0,ML,2.8
1989,6,23,7,51,5.2,26.22,102.62,0,ML,2.5
1989,7,1,18,5,5.4,26.18,102.78,0,ML,2.5
1989,7,5,13,52,54.4,26.22,102.53,0,ML,2.6
1989,8,17,20,16,26.9,26.35,102.98,0,ML,2.6
1989,9,7,20,42,43.6,26.22,102.88,0,ML,2.5
1989,9,13,18,5,1.5,26.0,103.05,10,ML,3.5
1989,9,13,19,6,18.1,26.03,103.05,0,ML,2.5
1989,9,22,8,6,38.0,26.33,102.72,15,ML,2.7
1990,1,3,12,1,8.6,26.4,103.0,15,ML,2.9
1990,2,7,13,28,32.5,26.15,103.07,0,ML,3.5
1990,4,14,0,58,32.5,26.32,102.77,15,ML,3.3
1990,5,10,0,44,46.3,26.35,102.68,10,ML,3.2
1990,5,23,7,39,6.6,26.1,103.2,0,ML,2.6
1990,5,25,1,9,32.3,26.37,102.98,0,ML,2.5
1990,8,26,10,31,35.7,26.3,102.63,0,ML,2.5
1990,9,27,3,13,49.5,26.1,103.2,0,ML,2.7
1990,10,23,11,10,4.3,26.35,102.72,0,ML,2.5
1990,11,7,23,59,2.9,26.13,102.67,0,ML,3.1
1990,11,8,1,5,36.8,26.08,102.62,10,ML,2.7
1991,4,4,23,33,41.2,26.35,102.95,15,ML,2.9
1991,4,29,2,48,54.9,26.05,103.1,0,ML,2.6
1991,5,6,15,3,55.8,26.23,102.83,0,ML,2.5
1991,5,9,9,2,12.8,26.33,102.73,10,ML,2.5
1991,6,19,0,49,40.9,26.02,102.55,0,ML,2.8
1991,10,11,10,24,29.5,26.13,102.68,0,ML,2.6
1991,10,25,23,22,19.2,26.32,102.75,20,ML,3.3
1991,12,31,16,34,53.1,26.08,102.63,0,ML,2.8
1992,1,4,15,2,14.8,26.0,102.68,0,ML,2.6
1992,1,10,18,6,36.8,26.3,102.72,0,ML,2.5
1992,1,18,21,16,15.0,26.22,103.08,0,ML,2.7
1992,10,8,6,15,19.2,26.12,103.13,0,ML,2.5
1993,1,18,10,50,19.2,26.22,103.02,0,ML,2.7
1993,1,21,0,22,14.8,26.02,102.17,0,ML,2.9
1993,11,9,8,14,40.4,26.03,102.65,10,ML,3.3
1994,1,16,21,22,19.4,26.28,102.67,0,ML,3.1
1994,1,16,22,52,24.7,26.28,102.67,0,ML,2.6
1994,1,21,22,8,15.1,26.28,102.98,0,ML,2.8
1994,3,21,9,22,42.0,26.03,102.58,5,ML,2.8
1994,6,27,14,53,57.6,26.38,102.68,21,ML,3.8
1994,6,27,14,59,38.4,26.35,102.68,9,ML,2.8
1994,11,30,15,0,1.5,26.4,102.67,0,ML,3.6
1994,11,30,16,9,10.2,26.32,102.55,0,ML,2.6
1994,12,2,10,6,58.1,26.35,102.75,25,ML,2.6
1994,12,7,22,26,55.3,26.03,102.63,0,ML,2.8
1994,12,24,11,12,20.0,26.23,102.75,0,ML,2.7
1994,12,26,21,40,35.9,26.33,102.67,0,ML,2.9
1995,3,24,23,38,43.2,26.25,102.32,31,ML,2.9
1995,3,29,18,59,53.1,26.3,102.97,0,ML,2.5
1995,3,30,23,36,58.3,26.05,102.67,0,ML,2.9
1995,4,5,10,21,32.1,26.03,102.62,10,ML,3.3
1995,4,5,10,22,48.1,26.13,102.67,0,ML,3.1
1995,4,5,10,22,54.6,26.05,102.62,0,ML,3.3
1995,4,12,15,47,9.5,26.3,102.25,19,ML,3.6
1995,4,12,15,52,1.4,26.28,102.25,17,ML,2.7
1995,4,23,22,1,48.9,26.03,102.35,0,ML,2.7
1995,9,20,9,33,17.5,26.22,102.72,12,ML,3.2
1995,11,10,5,44,8.0,26.3,102.55,0,ML,3.0
1996,2,26,16,23,38.1,26.35,102.92,0,ML,3.2
1996,4,4,1,17,6.8,26.27,102.25,0,ML,2.5
1996,4,17,21,45,10.2,26.3,102.68,21,ML,2.5
1996,7,3,15,38,54.2,26.25,102.63,0,ML,3.1
1996,10,2,21,23,4.5,26.02,102.3,0,ML,2.7
1996,10,16,14,32,6.8,26.37,102.72,11,ML,2.5
1996,12,15,0,14,4.8,26.1,103.1,0,ML,2.5
1996,12,20,17,43,23.6,26.13,103.08,0,ML,3.0
1997,1,28,14,48,23.6,26.35,102.35,0,ML,2.9
1997,2,23,7,7,44.0,26.02,103.15,0,ML,3.2
1997,3,10,7,56,19.1,26.05,102.27,0,ML,3.3
1997,3,16,18,57,53.5,26.22,102.95,0,ML,2.6
1997,3,30,11,56,44.0,26.27,102.8,22,ML,2.7
1997,5,16,13,0,15.3,26.05,102.62,0,ML,2.7
1997,5,18,19,42,11.9,26.1,103.2,0,ML,2.5
1997,5,20,3,51,55.2,26.08,102.62,0,ML,2.5
1997,7,8,19,59,5.4,26.3,102.2,25,ML,2.8
1997,7,10,2,2,44.1,26.23,102.67,0,ML,2.5
1997,7,17,14,18,19.5,26.27,102.25,0,ML,2.6
1997,8,19,11,12,27.4,26.25,102.7,19,ML,3.2
1997,9,21,9,8,20.7,26.35,102.85,0,ML,2.5
1997,9,28,19,51,58.0,26.13,102.2,24,ML,3.1
1997,10,29,13,30,48.8,26.25,102.23,0,ML,3.1
1997,11,24,5,57,2.9,26.27,102.52,0,ML,2.6
1997,11,27,15,32,20.3,26.08,103.17,0,ML,3.0
1997,11,27,15,33,9.3,26.1,103.2,0,ML,2.8
1997,12,23,3,17,39.2,26.05,102.17,0,ML,2.6
1998,5,27,14,52,31.0,26.37,102.77,0,ML,2.6
1998,7,23,15,15,59.3,26.0,102.28,0,ML,3.4
1998,12,1,1,14,5.8,26.3,102.92,0,ML,2.9
1999,6,30,12,38,19.8,26.1,103.2,0,ML,2.7
1999,8,19,2,35,36.0,26.33,102.37,14,ML,2.5
1999,9,24,20,57,24.6,26.28,102.38,9,ML,2.5
1999,9,25,0,7,58.8,26.28,102.37,0,ML,2.7
1999,11,20,19,3,55.3,26.3,102.62,0,ML,2.9
2000,1,9,13,13,36.0,26.02,102.22,0,ML,2.3
2000,2,22,8,16,29.5,26.33,102.98,8,ML,2.6
2000,3,19,15,49,12.7,26.05,102.32,0,ML,2.6
2000,4,27,2,15,48.5,26.0,102.4,0,ML,1.6
2000,6,2,0,1,51.5,26.32,102.72,10,ML,2.3
2000,7,3,21,16,19.7,26.02,102.22,0,ML,2.2
2000,9,5,8,0,5.4,26.13,103.08,3,ML,2.1
2000,10,22,19,42,32.0,26.38,102.6,8,ML,3.0
2000,11,19,5,28,30.8,26.32,102.17,10,ML,2.2
2000,11,21,12,50,48.8,26.35,102.33,7,ML,2.3
2000,12,10,14,0,51.1,26.12,102.42,5,ML,2.1
2000,12,14,18,12,3.3,26.17,102.93,13,ML,2.0
2001,1,13,8,33,47.0,26.22,102.45,5,ML,2.1
2001,1,23,6,46,32.0,26.28,102.72,0,ML,2.1
2001,1,26,22,6,24.2,26.2,102.28,13,ML,2.6
2001,2,1,18,32,55.1,26.1,103.2,0,ML,2.1
2001,2,3,9,0,16.7,26.1,103.1,5,ML,2.1
2001,2,17,14,25,36.2,26.02,103.42,20,ML,1.7
2001,2,22,13,35,24.7,26.1,103.2,0,ML,1.0
2001,3,21,0,7,34.0,26.18,102.6,6,ML,2.6
2001,3,28,21,6,46.7,26.08,103.18,0,ML,2.5
2001,3,28,21,43,46.4,26.08,103.18,0,ML,1.7
2001,4,13,20,59,57.5,26.07,102.57,12,ML,1.8
2001,4,23,19,21,37.3,26.08,103.18,0,ML,1.5
2001,4,24,16,40,35.3,26.08,103.18,0,ML,1.4
2001,4,24,19,10,43.4,26.08,103.18,0,ML,1.7
2001,4,29,19,36,20.8,26.08,103.18,0,ML,1.3
2001,4,29,21,16,14.6,26.08,103.18,0,ML,1.5
2001,5,12,20,17,43.3,26.08,103.18,0,ML,1.4
2001,5,13,18,44,21.9,26.08,103.18,0,ML,1.2
2001,5,26,12,7,45.2,26.08,103.18,0,ML,2.1
2001,5,29,1,54,45.8,26.32,102.22,0,ML,2.5
2001,5,31,11,59,38.2,26.07,103.53,18,ML,2.1
2001,5,31,18,19,11.6,26.08,103.18,0,ML,1.5
2001,6,5,5,48,33.1,26.17,103.12,10,ML,3.3
2001,6,5,14,15,55.7,26.08,103.18,0,ML,1.2
2001,6,15,5,59,23.2,26.37,102.62,5,ML,2.4
2001,6,15,7,35,20.8,26.33,102.65,8,ML,2.0
2001,6,16,13,46,10.8,26.08,103.18,0,ML,1.9
2001,6,16,21,32,51.2,26.08,103.18,0,ML,1.5
2001,6,25,7,23,9.7,26.12,102.3,0,ML,1.9
2001,7,3,19,37,40.9,26.08,103.18,0,ML,2.0
2001,7,14,15,9,9.0,26.02,102.23,0,ML,2.2
2001,7,28,20,36,52.4,26.08,103.12,15,ML,1.8
2001,8,16,9,27,14.5,26.32,102.22,15,ML,2.3
2001,8,22,19,21,59.2,26.08,103.18,0,ML,1.7
2001,8,24,11,43,54.6,26.08,103.18,0,ML,1.9
2001,8,27,14,23,40.1,26.08,103.18,0,ML,1.9
2001,9,4,6,13,55.6,26.22,102.23,5,ML,2.2
2001,9,13,6,5,12.1,26.23,102.58,1,ML,2.3
2001,9,16,6,21,41.6,26.08,103.18,0,ML,1.8
2001,9,20,19,46,18.8,26.08,103.18,0,ML,1.7
2001,9,30,11,14,14.4,26.08,103.18,0,ML,1.2
2001,11,1,15,57,56.8,26.08,103.18,0,ML,1.4
2001,11,16,18,35,38.4,26.08,103.18,0,ML,1.7
2001,11,22,1,33,52.0,26.08,102.6,10,ML,1.7
2001,11,27,0,48,59.2,26.08,103.18,0,ML,1.9
2001,11,28,15,34,9.7,26.08,103.18,0,ML,1.9
2001,11,28,15,39,41.7,26.08,103.18,0,ML,1.9
2001,11,28,15,46,40.7,26.08,103.18,0,ML,1.6
2001,11,28,16,0,48.8,26.08,103.18,0,ML,1.4
2001,12,8,21,2,27.0,26.08,103.18,0,ML,1.5
2001,12,8,21,2,55.2,26.08,103.18,0,ML,2.0
2001,12,12,15,18,44.0,26.05,102.22,7,ML,2.0
2002,1,2,19,34,41.8,26.32,102.95,8,ML,2.2
2002,1,13,1,29,14.3,26.08,103.18,0,ML,1.7
2002,1,13,7,34,24.9,26.05,103.03,13,ML,1.9
2002,2,9,0,35,40.0,26.4,102.93,8,ML,2.4
2002,2,14,13,58,15.4,26.08,103.18,0,ML,1.0
2002,2,15,9,1,13.7,26.08,103.18,0,ML,1.5
2002,3,9,16,18,59.6,26.08,103.18,0,ML,1.9
2002,3,10,2,8,13.9,26.08,103.18,0,ML,1.6
2002,3,17,5,15,40.6,26.1,103.2,0,ML,1.0
2002,3,20,21,17,40.4,26.1,103.2,0,ML,1.0
2002,4,8,18,19,20.0,26.08,103.18,0,ML,1.9
2002,4,26,6,12,14.8,26.1,103.2,0,ML,1.0
2002,5,5,19,18,40.7,26.1,102.82,0,ML,2.2
2002,5,12,5,2,43.0,26.1,103.2,0,ML,1.1
2002,5,20,19,42,42.4,26.22,102.77,10,ML,1.9
2002,5,22,9,47,22.0,26.1,103.2,0,ML,1.6
2002,5,25,20,30,13.2,26.1,103.2,0,ML,1.8
2002,5,29,20,8,42.1,26.08,103.47,10,ML,1.9
2002,6,1,22,52,30.8,26.1,103.2,0,ML,1.0
2002,6,7,6,52,15.6,26.37,103.0,5,ML,2.3
2002,6,14,20,32,27.9,26.07,102.33,9,ML,1.5
2002,6,24,8,36,4.3,26.12,103.2,0,ML,1.1
2002,6,24,12,53,19.6,26.12,103.2,0,ML,1.1
2002,6,28,16,27,30.2,26.12,103.2,0,ML,1.9
2002,6,28,16,27,34.8,26.12,103.2,0,ML,1.9
2002,6,28,16,27,46.7,26.12,103.2,0,ML,2.0
2002,7,11,9,18,56.0,26.25,102.52,2,ML,2.0
2002,7,11,13,1,36.7,26.12,103.2,0,ML,1.4
2002,7,21,22,59,51.8,26.08,103.18,0,ML,1.7
2002,7,25,20,3,39.2,26.08,103.18,0,ML,1.4
2002,8,11,4,17,16.3,26.08,103.18,0,ML,1.2
2002,8,13,17,59,56.3,26.08,103.18,0,ML,2.0
2002,8,21,21,22,1.7,26.38,103.15,0,ML,2.4
2002,8,31,5,35,49.0,26.08,103.18,0,ML,1.4
2002,9,2,20,0,7.9,26.12,103.2,0,ML,2.2
2002,9,9,5,57,2.9,26.12,103.2,0,ML,1.5
2002,9,9,5,57,9.8,26.12,103.2,0,ML,1.3
2002,9,9,9,27,40.9,26.12,103.2,0,ML,1.2
2002,9,20,14,25,33.2,26.08,103.18,0,ML,2.0
2002,9,20,14,40,33.8,26.08,103.18,0,ML,2.1
2002,9,24,18,59,28.7,26.13,103.23,0,ML,2.2
2002,10,19,19,35,4.1,26.02,102.3,15,ML,1.9
2002,10,19,20,0,5.2,26.03,102.32,15,ML,2.2
2002,10,20,18,2,51.5,26.02,102.3,9,ML,1.7
2002,10,27,5,15,48.6,26.38,102.93,7,ML,1.9
2002,11,22,16,41,11.6,26.32,102.78,10,ML,1.8
2002,12,1,17,28,31.9,26.12,103.2,0,ML,1.3
2002,12,13,18,21,36.1,26.25,102.82,9,ML,2.0
2002,12,19,18,7,53.1,26.08,103.18,0,ML,1.0
2002,12,19,18,8,23.3,26.08,103.18,0,ML,1.1
2002,12,25,3,37,20.2,26.08,103.18,0,ML,1.5
2002,12,27,23,57,59.2,26.12,103.2,0,ML,2.2
2002,12,28,14,18,3.9,26.38,102.8,9,ML,2.0
2003,1,7,18,39,15.0,26.12,103.2,0,ML,1.7
2003,1,11,19,42,21.3,26.12,103.2,0,ML,1.0
2003,2,24,6,17,49.2,26.07,103.08,18,ML,1.7
2003,3,1,18,44,5.2,26.12,103.2,0,ML,1.5
2003,3,6,0,58,18.6,26.12,103.2,0,ML,1.9
2003,3,6,2,15,36.2,26.12,103.2,0,ML,1.2
2003,4,6,2,22,2.5,26.4,102.45,10,ML,1.9
2003,4,8,8,0,24.6,26.1,103.2,0,ML,1.9
2003,4,13,4,22,41.3,26.1,103.2,0,ML,1.9
2003,5,15,2,7,21.9,26.1,103.2,0,ML,1.1
2003,5,15,12,30,33.1,26.1,103.2,0,ML,1.0
2003,5,31,21,51,26.9,26.1,103.2,0,ML,1.0
2003,6,4,0,19,21.9,26.13,102.32,8,ML,2.0
2003,6,7,12,23,41.9,26.27,102.37,1,ML,2.8
2003,6,7,15,48,16.0,26.18,102.98,11,ML,2.2
2003,6,17,12,1,10.8,26.1,103.2,0,ML,1.2
2003,6,18,16,26,41.4,26.1,103.2,0,ML,1.0
2003,7,3,12,46,48.8,26.1,103.2,0,ML,1.0
2003,7,11,18,15,18.6,26.1,103.2,0,ML,1.3
2003,7,15,18,49,42.8,26.1,103.2,0,ML,1.3
2003,7,22,1,9,24.0,26.1,103.2,0,ML,1.4
2003,7,28,0,19,28.2,26.1,103.2,0,ML,1.6
2003,7,30,14,9,57.9,26.1,103.2,0,ML,1.7
2003,8,17,13,50,22.8,26.1,103.2,0,ML,2.2
2003,8,21,17,10,12.8,26.1,103.2,0,ML,1.3
2003,9,5,15,51,53.4,26.1,103.2,0,ML,1.0
2003,9,12,8,36,20.3,26.17,102.4,3,ML,1.9
2003,9,13,15,26,1.0,26.1,103.2,0,ML,2.3
2003,9,15,15,8,45.5,26.1,103.2,0,ML,1.3
2003,9,22,18,5,45.0,26.1,103.2,0,ML,1.3
2003,9,24,2,58,59.4,26.1,103.2,0,ML,1.5
2003,9,26,14,1,25.9,26.1,103.2,0,ML,1.6
2003,10,8,11,9,30.1,26.37,102.98,0,ML,2.4
2003,10,12,11,21,57.4,26.1,103.2,0,ML,1.8
2003,10,14,2,47,19.1,26.1,103.2,0,ML,1.5
2003,10,14,6,57,35.2,26.1,103.2,0,ML,1.7
2003,10,24,14,51,50.0,26.1,103.2,0,ML,1.0
2003,10,25,19,20,18.1,26.0,102.23,0,ML,2.5
2003,11,9,14,35,59.7,26.1,103.2,0,ML,2.4
2003,11,15,1,19,56.7,26.1,103.2,0,ML,2.5
2003,11,26,9,13,44.9,26.0,102.25,11,ML,2.4
2003,12,4,23,28,7.7,26.1,103.2,0,ML,1.6
2003,12,11,22,22,8.9,26.1,103.2,0,ML,1.7
2003,12,31,4,14,9.7,26.1,103.2,0,ML,1.4
2004,1,1,1,36,14.1,26.1,103.2,0,ML,2.5
2004,1,4,3,43,59.1,26.1,103.2,0,ML,1.5
2004,1,8,15,9,24.9,26.33,102.92,10,ML,2.4
2004,1,8,18,28,35.4,26.1,103.2,0,ML,2.0
2004,1,11,10,50,39.4,26.08,103.18,0,ML,2.2
2004,1,18,10,41,26.4,26.4,102.27,10,ML,2.0
2004,1,18,16,5,39.8,26.32,102.65,0,ML,2.2
2004,2,4,9,31,22.6,26.1,103.2,0,ML,1.5
2004,2,4,12,47,53.5,26.1,103.2,0,ML,2.2
2004,2,5,6,16,11.8,26.35,102.45,17,ML,1.6
2004,2,16,18,3,11.1,26.15,103.25,0,ML,1.9
2004,2,17,10,20,20.2,26.08,103.18,0,ML,1.1
2004,2,27,18,31,14.4,26.28,102.32,11,ML,1.5
2004,2,29,21,5,27.5,26.08,103.18,0,ML,1.0
2004,3,1,12,8,48.1,26.37,102.48,0,ML,1.7
2004,3,2,18,4,18.0,26.32,102.57,11,ML,2.3
2004,3,15,6,6,2.2,26.0,102.53,10,ML,2.6
2004,3,20,11,37,34.5,26.1,103.2,0,ML,1.9
2004,4,3,11,28,7.2,26.1,103.2,0,ML,2.1
2004,4,6,19,6,38.0,26.07,102.97,10,ML,1.7
2004,4,29,2,42,22.0,26.12,102.65,6,ML,1.6
2004,4,29,10,45,28.5,26.1,103.2,0,ML,2.1
2004,5,2,7,31,20.3,26.05,102.6,0,ML,2.2
2004,5,25,2,29,0.8,26.1,103.2,0,ML,1.3
2004,5,31,21,22,39.5,26.1,103.2,0,ML,1.2
2004,6,8,8,48,15.0,26.1,103.2,0,ML,1.0
2004,6,12,12,43,49.3,26.12,102.37,0,ML,2.2
2004,6,12,14,40,6.6,26.27,102.6,9,ML,1.9
2004,6,12,15,28,43.5,26.13,102.45,13,ML,1.8
2004,6,12,15,45,19.4,26.1,102.33,9,ML,1.8
2004,6,17,1,59,44.0,26.1,103.2,0,ML,1.2
2004,6,29,11,44,11.3,26.0,102.9,17,ML,2.3
2004,7,3,6,57,57.5,26.1,103.2,0,ML,1.1
2004,7,3,12,52,45.9,26.33,103.05,10,ML,3.3
2004,7,3,12,56,17.8,26.33,103.07,0,ML,2.7
2004,7,3,20,13,36.1,26.4,102.32,9,ML,1.7
2004,7,22,18,7,24.5,26.1,102.32,15,ML,2.1
2004,7,23,18,59,54.3,26.35,103.05,6,ML,2.3
2004,7,26,4,37,32.6,26.1,103.2,0,ML,1.3
2004,7,30,2,37,55.7,26.3,102.98,0,ML,2.5
2004,8,6,15,37,50.2,26.1,103.2,0,ML,1.8
2004,8,12,19,28,18.1,26.1,103.2,0,ML,1.0
2004,8,13,12,37,58.2,26.18,102.2,5,ML,1.9
2004,8,13,17,47,39.7,26.1,103.2,0,ML,1.6
2004,8,25,7,5,43.0,26.03,103.23,10,ML,3.5
2004,8,26,11,45,39.4,26.1,103.2,0,ML,1.6
2004,9,2,18,3,6.2,26.1,103.2,0,ML,1.1
2004,9,2,18,41,19.0,26.1,103.2,0,ML,1.1
2004,9,5,16,17,19.5,26.0,102.15,11,ML,1.7
2004,9,5,17,11,6.5,26.1,103.2,0,ML,1.7
2004,9,13,22,4,1.4,26.18,102.75,15,ML,1.9
2004,10,5,9,1,3.6,26.1,103.2,0,ML,1.0
2004,10,7,3,54,1.2,26.1,103.2,0,ML,1.1
2004,10,8,0,55,27.1,26.1,103.2,0,ML,1.3
2004,10,11,12,6,34.2,26.1,103.2,0,ML,1.9
2004,10,15,18,3,25.3,26.0,102.23,4,ML,1.9
2004,10,26,12,6,34.5,26.1,103.2,0,ML,1.7
2004,10,31,2,17,14.8,26.37,102.18,5,ML,1.7
2004,11,5,11,19,51.9,26.1,103.2,0,ML,2.0
2004,11,11,18,44,3.8,26.05,102.6,0,ML,2.5
2004,11,13,23,6,5.8,26.1,103.2,0,ML,1.0
2004,11,15,15,47,17.6,26.08,103.18,0,ML,2.2
2004,11,16,2,51,15.2,26.27,102.93,0,ML,3.0
2004,11,16,7,44,56.7,26.27,103.02,10,ML,3.0
2004,11,20,15,54,53.3,26.1,103.2,0,ML,1.7
2004,11,21,10,42,11.0,26.1,103.2,0,ML,2.0
2004,11,25,20,35,18.4,26.1,103.2,0,ML,1.3
2004,12,3,11,1,1.4,26.1,103.2,0,ML,1.2
2004,12,5,15,40,12.1,26.1,103.2,0,ML,1.5
2004,12,5,20,17,15.9,26.1,103.2,0,ML,1.0
2004,12,10,9,42,9.0,26.1,103.2,0,ML,1.7
2004,12,13,5,10,55.0,26.27,103.52,12,ML,1.6
2004,12,14,11,55,58.6,26.1,103.2,0,ML,1.9
2004,12,17,10,0,47.6,26.1,103.2,0,ML,1.5
2004,12,20,10,55,36.2,26.1,103.2,0,ML,1.9
2004,12,21,23,53,7.9,26.1,103.2,0,ML,1.5
2005,1,18,19,32,15.9,26.28,102.37,6,ML,1.7
2005,1,28,19,47,35.4,26.35,102.85,11,ML,2.1
2005,2,23,13,25,59.7,26.32,102.82,17,ML,2.2
2005,2,24,14,26,15.9,26.37,102.78,9,ML,2.5
2005,3,2,19,17,56.8,26.32,102.78,15,ML,2.2
2005,3,11,14,28,5.8,26.27,102.3,0,ML,1.8
2005,3,13,15,56,57.5,26.1,103.2,0,ML,2.0
2005,3,14,9,52,0.8,26.1,103.2,0,ML,1.9
2005,3,25,17,5,23.5,26.27,103.08,5,ML,2.3
2005,3,27,14,56,21.8,26.1,103.2,0,ML,1.7
2005,4,9,10,38,29.9,26.1,103.2,0,ML,1.1
2005,4,9,18,16,25.1,26.1,103.2,0,ML,1.5
2005,4,12,1,9,39.3,26.1,103.2,0,ML,1.7
2005,4,12,1,47,25.0,26.1,103.2,0,ML,1.2
2005,4,16,3,50,53.0,26.1,103.2,0,ML,1.0
2005,4,20,11,28,25.5,26.1,103.2,0,ML,1.4
2005,4,22,18,40,23.9,26.1,103.2,0,ML,1.7
2005,4,23,14,16,56.9,26.1,103.2,0,ML,1.5
2005,4,24,15,28,34.9,26.1,103.2,0,ML,1.7
2005,5,18,10,16,38.0,26.1,103.2,0,ML,1.0
2005,5,19,23,38,10.6,26.0,102.15,0,ML,1.5
2005,5,23,12,55,57.7,26.1,103.2,0,ML,1.0
2005,5,28,11,48,46.9,26.1,103.2,0,ML,1.5
2005,5,29,14,59,21.6,26.1,103.2,0,ML,1.1
2005,5,31,12,57,58.2,26.1,103.2,0,ML,1.1
2005,6,1,12,26,25.0,26.1,103.2,0,ML,1.2
2005,6,2,20,17,23.7,26.1,103.2,0,ML,1.5
2005,6,3,0,20,50.4,26.1,103.2,0,ML,2.2
2005,6,3,17,6,35.9,26.1,103.2,0,ML,2.0
2005,6,4,14,59,4.8,26.1,103.2,0,ML,1.6
2005,6,14,9,1,6.0,26.1,103.2,0,ML,1.4
2005,6,14,11,35,15.8,26.1,103.2,0,ML,1.1
2005,7,3,15,39,42.3,26.37,102.35,7,ML,2.6
2005,7,16,9,5,21.1,26.1,103.2,0,ML,1.4
2005,7,18,16,57,39.6,26.1,103.2,0,ML,1.8
2005,7,19,14,44,32.6,26.1,103.2,0,ML,1.2
2005,7,23,7,57,14.6,26.23,102.87,2,ML,2.8
2005,7,30,11,12,38.5,26.1,103.2,0,ML,2.3
2005,8,8,13,19,49.3,26.1,103.2,0,ML,1.7
2005,8,20,23,34,59.7,26.2,103.02,10,ML,3.4
2005,8,31,10,13,39.5,26.1,103.2,0,ML,1.6
2005,9,11,3,0,42.4,26.1,103.2,0,ML,1.2
2005,9,12,23,8,45.4,26.1,103.2,0,ML,1.6
2005,9,16,18,8,34.5,26.1,103.2,0,ML,2.4
2005,9,19,22,48,48.8,26.1,103.2,0,ML,1.4
2005,9,24,4,31,4.7,26.1,103.2,0,ML,1.1
2005,9,24,21,27,47.6,26.1,103.2,0,ML,1.9
2005,10,20,15,43,6.0,26.03,103.1,9,ML,2.1
2005,10,20,16,6,14.3,26.02,103.1,0,ML,2.2
2005,10,21,3,51,27.9,26.1,103.2,0,ML,1.3
2005,10,21,15,37,36.9,26.1,103.2,0,ML,1.5
2005,10,24,5,40,1.1,26.18,102.67,11,ML,2.6
2005,10,27,23,12,37.4,26.1,103.2,0,ML,1.5
2005,11,4,18,50,49.0,26.1,103.2,0,ML,1.5
2005,11,8,10,5,0.9,26.1,103.2,0,ML,2.0
2005,11,20,7,19,2.1,26.03,102.32,0,ML,2.5
2005,11,22,17,47,26.5,26.1,103.2,0,ML,2.1
2005,11,23,11,6,0.6,26.1,103.2,0,ML,1.5
2005,11,23,14,49,2.7,26.1,103.2,0,ML,1.1
2005,11,23,16,25,58.9,26.1,103.2,0,ML,1.4
2005,11,25,23,34,39.8,26.0,102.15,8,ML,2.3
2005,11,27,12,17,11.5,26.1,103.2,0,ML,1.9
2005,12,1,6,8,4.4,26.02,103.1,0,ML,1.5
2005,12,3,11,23,39.2,26.1,103.2,0,ML,2.4
2005,12,5,22,44,56.5,26.1,103.2,0,ML,1.3
2005,12,7,20,1,20.2,26.1,103.2,0,ML,1.0
2005,12,13,23,10,23.5,26.1,103.2,0,ML,1.4
2005,12,31,14,0,21.3,26.05,103.18,10,ML,2.1
2005,12,31,15,5,17.1,26.37,102.72,0,ML,2.3
2005,12,31,18,3,49.1,26.4,102.7,0,ML,2.1
2006,1,1,22,32,20.3,26.03,102.7,0,ML,2.2
2006,1,15,16,40,32.2,26.27,102.75,5,ML,2.2
2006,1,22,5,31,1.6,26.3,102.92,0,ML,2.0
2006,1,25,15,56,53.9,26.33,102.42,5,ML,1.0
2006,2,27,6,41,6.0,26.1,103.2,0,ML,1.0
2006,3,7,5,17,29.2,26.35,102.33,8,ML,2.3
2006,3,16,14,51,34.3,26.1,103.2,0,ML,2.0
2006,3,17,5,11,22.4,26.1,103.2,0,ML,1.3
2006,3,18,12,32,42.9,26.03,103.13,7,ML,2.5
2006,3,19,2,47,15.6,26.1,103.2,0,ML,1.3
2006,4,16,7,24,7.8,26.1,103.2,0,ML,2.1
2006,5,23,23,0,35.5,26.12,102.67,0,ML,2.0
2006,7,2,23,13,26.6,26.17,103.02,5,ML,2.7
2006,7,12,17,15,52.2,26.02,103.2,10,ML,2.3
2006,7,20,17,50,0.4,26.1,103.2,0,ML,1.9
2006,8,15,2,36,9.9,26.07,102.38,0,ML,1.9
2006,8,20,3,35,49.8,26.1,103.2,0,ML,1.2
2006,9,7,18,44,20.3,26.38,102.38,0,ML,2.2
2006,9,21,11,1,18.6,26.03,102.22,0,ML,2.3
2006,10,8,3,28,50.7,26.23,102.93,4,ML,1.9
2006,10,21,21,47,29.7,26.1,103.2,0,ML,1.0
2006,11,11,18,35,49.8,26.1,103.2,0,ML,1.6
2006,11,28,18,7,15.8,26.1,103.2,0,ML,1.8
2006,12,8,17,24,48.0,26.1,103.2,0,ML,1.8
2006,12,15,12,52,20.6,26.1,103.2,0,ML,1.9
2006,12,20,18,5,19.1,26.1,103.2,0,ML,1.0
2006,12,21,5,23,22.0,26.38,102.18,5,ML,2.0
2006,12,25,0,0,2.2,26.37,102.22,8,ML,2.0
2007,1,1,23,51,39.3,26.32,102.2,1,ML,1.7
2007,1,12,15,12,59.6,26.1,103.2,0,ML,2.1
2007,2,5,11,52,27.2,26.07,102.3,5,ML,1.9
2007,2,23,7,55,39.8,26.05,103.2,4,ML,2.0
2007,4,2,0,18,0.2,26.1,103.2,0,ML,1.2
2007,4,17,19,8,42.6,26.1,103.2,0,ML,1.7
2007,4,18,1,44,42.1,26.02,103.12,8,ML,2.1
2007,4,18,2,13,44.2,26.1,103.2,0,ML,1.5
2007,4,18,2,50,28.0,26.1,103.2,0,ML,1.3
2007,4,18,14,30,49.3,26.0,103.12,10,ML,3.1
2007,4,18,14,32,5.1,26.1,103.2,0,ML,1.2
2007,4,20,6,44,46.9,26.1,103.2,0,ML,1.5
2007,4,20,15,45,2.1,26.13,102.15,0,ML,2.1
2007,4,21,19,57,30.8,26.1,103.2,0,ML,1.9
2007,4,26,9,18,7.8,26.1,103.2,0,ML,1.7
2007,4,28,19,20,53.2,26.1,103.2,0,ML,1.4
2007,5,17,12,10,8.4,26.1,103.2,0,ML,1.4
2007,5,18,21,4,30.5,26.32,102.22,14,ML,2.6
2007,5,28,18,42,26.5,26.1,103.2,0,ML,1.8
2007,5,30,22,12,14.5,26.35,103.25,6,ML,2.5
2007,6,2,7,15,36.2,26.07,103.15,4,ML,2.1
2007,6,21,18,50,45.1,26.1,103.2,0,ML,1.9
2007,6,24,16,47,56.3,26.1,103.2,0,ML,1.4
2007,7,20,11,13,36.1,26.1,103.2,0,ML,2.0
2007,8,4,7,14,4.1,26.03,103.07,7,ML,1.6
2007,8,4,23,6,6.8,26.1,103.2,0,ML,1.5
2007,8,6,17,58,34.4,26.2,103.23,7,ML,2.4
2007,8,15,7,22,46.2,26.1,103.2,0,ML,1.6
2007,8,20,14,38,38.1,26.1,103.2,0,ML,1.3
2007,9,4,22,1,47.1,26.38,102.62,5,ML,2.1
2007,11,1,0,38,36.8,26.03,103.1,10,ML,2.2
2007,11,1,2,7,0.5,26.1,103.2,0,ML,1.4
2007,11,13,2,1,19.5,26.0,103.12,9,ML,3.0
2007,12,18,8,58,5.5,26.1,103.18,0,ML,1.8
2007,12,26,2,55,24.9,26.1,103.18,0,ML,1.0
2007,12,29,18,29,13.7,26.1,103.18,0,ML,1.8
2007,12,31,7,26,45.9,26.1,103.18,0,ML,1.1
2008,1,1,20,19,49.8,26.1,103.18,0,ML,1.3
2008,1,2,10,25,35.4,26.1,103.18,0,ML,2.2
2008,1,3,21,20,11.2,26.1,103.18,0,ML,1.1
2008,1,6,22,22,4.6,26.1,103.18,0,ML,1.4
2008,1,6,22,24,44.3,26.1,103.18,0,ML,1.3
2008,1,9,18,8,34.3,26.1,103.18,0,ML,1.0
2008,1,10,12,21,15.8,26.1,103.18,0,ML,1.3
2008,1,10,13,6,58.4,26.1,103.18,0,ML,1.4
2008,1,10,16,48,4.8,26.1,103.18,0,ML,1.0
2008,1,10,19,31,37.3,26.1,103.18,0,ML,1.3
2008,1,12,8,19,3.8,26.1,103.18,0,ML,1.3
2008,1,12,13,24,47.6,26.1,103.18,0,ML,1.0
2008,1,12,16,46,13.4,26.1,103.18,0,ML,1.2
2008,1,13,13,42,59.5,26.1,103.18,0,ML,1.6
2008,1,15,23,37,5.5,26.1,103.18,0,ML,1.4
2008,1,15,23,55,30.0,26.1,103.18,0,ML,1.2
2008,1,16,9,57,11.8,26.1,103.18,0,ML,1.6
2008,1,16,10,0,13.6,26.1,103.18,0,ML,1.5
2008,1,16,10,4,52.3,26.1,103.18,0,ML,1.5
2008,1,17,11,14,26.9,26.1,103.18,0,ML,1.2
2008,1,17,22,7,8.2,26.4,103.02,2,ML,1.9
2008,1,17,23,10,57.4,26.1,103.18,0,ML,1.2
2008,1,18,14,45,19.6,26.1,103.18,0,ML,1.2
2008,1,18,15,35,6.0,26.1,103.18,0,ML,1.6
2008,1,19,5,36,2.4,26.08,103.1,0,ML,2.3
2008,1,19,18,28,25.4,26.1,103.18,0,ML,1.2
2008,1,20,23,37,19.0,26.1,103.18,0,ML,2.4
2008,1,21,0,4,30.4,26.1,103.18,0,ML,1.8
2008,1,21,12,48,27.0,26.1,103.18,0,ML,1.0
2008,1,21,16,48,11.9,26.1,103.18,0,ML,1.0
2008,1,22,18,7,23.5,26.1,103.18,0,ML,1.5
2008,1,24,16,52,28.3,26.33,102.98,0,ML,2.2
2008,1,25,15,19,58.7,26.1,103.18,0,ML,1.4
2008,1,26,0,58,34.7,26.1,103.18,0,ML,1.4
2008,1,26,5,43,30.5,26.1,103.18,0,ML,1.3
2008,1,26,12,22,55.4,26.1,103.18,0,ML,1.3
2008,1,26,23,59,40.5,26.1,103.18,0,ML,1.0
2008,1,27,5,15,49.1,26.1,103.18,0,ML,1.4
2008,1,30,5,50,51.2,26.1,103.18,0,ML,1.2
2008,2,1,7,46,6.6,26.1,103.18,0,ML,1.4
2008,2,1,15,45,43.3,26.1,103.18,0,ML,1.3
2008,2,4,11,5,40.0,26.1,103.18,0,ML,1.0
2008,2,4,15,45,5.1,26.1,103.18,0,ML,1.3
2008,2,5,9,42,15.5,26.1,103.18,0,ML,1.1
2008,2,5,14,49,54.9,26.1,103.18,0,ML,1.1
2008,2,5,18,51,56.9,26.1,103.18,0,ML,1.1
2008,2,6,0,55,0.7,26.1,103.18,0,ML,1.4
2008,2,6,8,44,44.5,26.1,103.18,0,ML,1.0
2008,2,6,10,16,24.0,26.1,103.18,0,ML,1.9
2008,2,6,14,21,21.8,26.1,103.18,0,ML,1.5
2008,2,6,14,31,48.2,26.1,103.18,0,ML,1.2
2008,2,7,3,21,40.7,26.1,103.18,0,ML,1.0
2008,2,7,14,40,48.5,26.1,103.18,0,ML,1.1
2008,2,8,3,28,20.0,26.1,103.18,0,ML,1.5
2008,2,8,3,58,7.5,26.1,103.18,0,ML,2.0
2008,2,8,13,18,10.4,26.1,103.18,0,ML,1.5
2008,2,9,5,34,8.6,26.37,102.7,8,ML,1.5
2008,2,9,18,50,3.1,26.08,103.15,0,ML,1.9
2008,2,10,20,14,33.6,26.1,103.18,0,ML,1.0
2008,2,11,4,4,32.8,26.1,103.18,0,ML,1.0
2008,2,14,17,57,30.2,26.1,103.18,0,ML,1.2
2008,2,14,17,57,53.0,26.1,103.18,0,ML,1.8
2008,2,18,11,44,24.0,26.1,103.18,0,ML,1.0
2008,2,20,6,54,27.4,26.1,103.18,0,ML,1.0
2008,2,24,22,21,56.5,26.1,103.18,0,ML,1.3
2008,2,28,20,56,18.9,26.1,103.18,0,ML,1.1
2008,3,1,6,0,37.8,26.1,103.18,0,ML,1.0
2008,3,1,8,2,54.5,26.1,103.18,0,ML,1.0
2008,3,1,18,22,7.9,26.1,103.18,0,ML,1.0
2008,3,2,11,40,45.3,26.1,103.18,0,ML,1.1
2008,3,5,8,48,5.2,26.1,103.18,0,ML,1.5
2008,3,7,19,16,29.3,26.1,103.18,0,ML,1.6
2008,3,8,3,36,55.5,26.1,103.18,0,ML,1.0
2008,3,8,10,21,19.0,26.1,103.18,0,ML,1.4
2008,3,8,10,25,32.9,26.1,103.18,0,ML,1.5
2008,3,10,9,7,28.5,26.1,103.18,0,ML,1.6
2008,3,11,5,47,47.7,26.1,103.18,0,ML,1.6
2008,3,13,3,47,35.9,26.1,103.18,0,ML,1.4
2008,3,14,6,39,43.5,26.1,103.18,0,ML,1.7
2008,3,16,15,21,48.8,26.1,103.18,0,ML,1.8
2008,3,18,10,48,4.3,26.1,103.18,0,ML,1.6
2008,3,18,18,26,21.7,26.1,103.18,0,ML,1.2
2008,3,21,17,59,47.5,26.1,103.18,0,ML,1.6
2008,3,21,19,41,38.0,26.1,103.18,0,ML,1.5
2008,3,22,7,5,58.7,26.0,103.23,0,ML,2.3
2008,3,23,4,41,9.3,26.1,103.18,0,ML,1.0
2008,3,26,18,44,32.3,26.2,103.08,0,ML,2.8
2008,3,26,23,44,29.3,26.1,103.18,0,ML,1.0
2008,3,27,7,13,17.5,26.1,103.18,0,ML,1.3
2008,3,28,18,25,41.2,26.1,103.18,0,ML,1.1
2008,3,30,10,22,46.9,26.1,103.18,0,ML,1.1
2008,4,1,1,54,46.0,26.1,103.18,0,ML,1.0
2008,4,2,16,2,21.7,26.32,102.28,5,ML,1.1
2008,4,2,17,50,4.1,26.1,103.18,0,ML,1.0
2008,4,3,15,54,36.1,26.1,103.18,0,ML,1.3
2008,4,3,20,55,59.3,26.13,103.13,0,ML,2.0
2008,4,4,0,28,39.2,26.1,103.18,0,ML,1.4
2008,4,4,15,50,20.1,26.1,103.18,0,ML,1.4
2008,4,4,18,12,48.0,26.1,103.18,0,ML,1.6
2008,4,4,20,15,25.5,26.1,103.18,0,ML,1.7
2008,4,4,20,43,53.9,26.1,103.18,0,ML,1.5
2008,4,4,21,58,19.1,26.1,103.18,0,ML,1.6
2008,4,10,1,29,28.5,26.1,103.18,0,ML,1.0
2008,4,19,23,57,2.2,26.1,103.18,0,ML,1.1
2008,4,22,16,23,51.1,26.1,103.18,0,ML,1.7
2008,4,25,11,22,5.1,26.1,103.18,0,ML,1.9
2008,4,25,17,9,27.8,26.1,103.18,0,ML,1.0
2008,4,27,23,38,31.9,26.1,103.18,0,ML,1.2
2008,4,30,8,48,0.9,26.1,103.18,0,ML,1.1
2008,5,1,3,37,48.6,26.1,103.18,0,ML,1.4
2008,5,2,0,35,23.1,26.1,103.18,0,ML,1.8
2008,5,3,6,36,24.9,26.1,103.18,0,ML,1.0
2008,5,4,13,14,6.5,26.1,103.18,0,ML,1.1
2008,5,6,21,24,23.1,26.1,103.18,0,ML,1.2
2008,5,7,7,16,53.6,26.1,103.18,0,ML,1.9
2008,5,8,16,53,9.7,26.1,103.18,0,ML,1.8
2008,5,10,11,38,5.7,26.1,103.18,0,ML,1.8
2008,5,10,16,18,20.3,26.1,103.18,0,ML,1.6
2008,5,10,19,9,44.1,26.1,103.18,0,ML,1.9
2008,5,11,22,36,24.1,26.1,103.18,0,ML,1.2
2008,5,12,18,22,36.9,26.1,103.18,0,ML,1.4
2008,5,19,19,14,9.0,26.1,103.18,0,ML,1.2
2008,5,21,7,12,18.6,26.1,103.18,0,ML,1.4
2008,5,22,13,36,9.0,26.02,103.2,4,ML,2.4
2008,5,25,8,10,9.5,26.1,103.18,0,ML,1.3
2008,5,25,21,27,40.2,26.4,102.2,0,ML,3.0
2008,5,26,23,59,41.4,26.02,102.68,0,ML,1.9
2008,5,27,10,20,9.6,26.1,103.18,0,ML,1.2
2008,5,27,11,47,2.0,26.1,103.18,0,ML,1.0
2008,5,27,22,41,11.5,26.0,102.7,16,ML,1.8
2008,5,28,11,22,15.2,26.0,102.67,0,ML,3.1
2008,5,29,12,45,35.4,26.1,103.18,0,ML,1.1
2008,5,29,18,36,6.5,26.0,102.7,3,ML,2.2
2008,5,30,14,1,59.8,26.0,102.63,0,ML,2.8
2008,5,31,17,18,50.2,26.0,102.67,0,ML,2.2
2008,6,1,23,25,25.2,26.32,102.97,0,ML,2.1
2008,6,5,1,33,58.9,26.0,103.13,6,ML,1.9
2008,6,5,22,56,42.4,26.1,103.18,0,ML,1.3
2008,6,7,11,54,7.9,26.1,103.18,0,ML,1.8
2008,6,15,17,16,53.4,26.1,103.18,0,ML,1.2
2008,7,1,18,7,58.9,26.1,103.18,0,ML,1.1
2008,7,6,19,44,10.5,26.1,103.18,0,ML,2.0
2008,7,6,19,44,32.1,26.1,103.18,0,ML,1.8
2008,7,11,17,25,48.6,26.1,103.18,0,ML,1.8
2008,7,12,5,59,11.1,26.1,103.18,0,ML,1.0
2008,7,12,14,0,35.2,26.1,103.18,0,ML,1.1
2008,7,13,14,14,11.3,26.1,103.18,0,ML,1.7
2008,7,14,18,17,6.1,26.1,103.18,0,ML,1.1
2008,7,15,9,42,37.1,26.0,102.55,11,ML,1.8
2008,7,16,1,37,54.0,26.1,103.18,0,ML,1.0
2008,7,18,16,19,38.7,26.1,103.18,0,ML,1.7
2008,7,18,18,40,10.6,26.1,103.18,0,ML,1.3
2008,7,19,15,27,30.3,26.1,103.18,0,ML,1.7
2008,7,31,23,4,18.1,26.1,103.18,0,ML,1.0
2008,8,6,15,55,34.5,26.1,103.18,0,ML,1.7
2008,8,8,11,23,8.3,26.1,103.18,0,ML,1.3
2008,8,13,0,41,48.6,26.1,103.18,0,ML,1.5
2008,8,14,11,39,30.9,26.1,103.18,0,ML,1.5
2008,8,14,15,15,22.9,26.1,103.18,0,ML,1.7
2008,8,18,17,36,48.6,26.03,102.6,9,ML,2.1
2008,8,18,19,39,4.1,26.03,102.62,5,ML,2.0
2008,8,21,14,53,55.9,26.33,102.92,0,ML,2.1
2008,9,5,17,29,22.5,26.1,103.18,0,ML,1.8
2008,9,9,7,11,3.8,26.1,103.18,0,ML,1.1
2008,9,11,21,33,21.0,26.1,103.18,0,ML,1.2
2008,9,14,18,12,7.5,26.1,103.18,0,ML,1.8
2008,9,16,9,0,52.5,26.32,102.33,13,ML,2.6
2008,9,17,22,24,12.6,26.1,103.18,0,ML,1.1
2008,9,20,16,16,14.1,26.1,103.18,0,ML,1.1
2008,9,24,9,55,23.0,26.1,103.18,0,ML,1.9
2008,9,29,3,42,8.9,26.1,103.18,0,ML,1.5
2008,10,1,3,20,14.35,26.092,103.187,5,ML,1.2
2008,10,2,16,55,6.58,26.327,102.169,11,ML,1.6
2008,10,12,14,39,33.88,26.304,102.327,5,ML,2.2
2008,10,21,5,31,37.02,26.311,102.336,18,ML,1.6
2008,10,22,22,42,41.26,26.297,102.72,10,ML,2.2
2008,10,25,5,38,4.42,26.379,102.722,0,ML,2.2
2008,11,5,10,14,22.34,26.192,103.022,5,ML,2.5
2008,11,6,17,17,26.02,26.092,103.187,0,ML,1.9
2008,11,7,17,58,15.29,26.092,103.187,0,ML,1.5
2008,11,9,4,37,24.9,26.39,103.16,12,Ms,3.6
2008,11,15,5,14,22.5,26.092,103.187,0,ML,1.0
2008,11,27,9,53,42.81,26.387,102.399,16,ML,1.3
2008,11,28,9,26,16.58,26.092,103.187,0,ML,1.5
2008,12,1,6,34,43.1,26.092,103.187,0,ML,1.4
2008,12,3,19,0,27.17,26.092,103.187,0,ML,1.8
2008,12,7,1,49,11.39,26.191,102.151,13,ML,1.3
2008,12,7,3,25,48.17,26.092,103.187,0,ML,1.4
2008,12,15,3,43,30.79,26.092,103.187,0,ML,1.7
2008,12,27,17,54,24.86,26.092,103.187,0,ML,1.2
2009,1,1,3,47,57.7,26.092,103.187,0,ML,1.7
2009,1,6,17,26,29.35,26.092,103.187,0,ML,1.2
2009,1,7,4,49,53.33,26.092,103.187,0,ML,1.3
2009,1,8,0,3,5.81,26.092,103.187,0,ML,1.1
2009,1,8,1,43,11.24,26.092,103.187,0,ML,1.0
2009,1,11,3,3,38.88,26.092,103.187,0,ML,1.5
2009,1,14,20,10,20.09,26.285,102.832,16,ML,2.2
2009,1,14,22,10,56.76,26.03,102.993,15,ML,1.8
2009,1,15,2,43,22.58,26.233,103.015,15,ML,2.8
2009,1,26,22,47,55.83,26.176,102.217,0,ML,1.1
2009,1,30,5,26,43.54,26.3,102.362,13,ML,1.6
2009,2,2,2,44,57.97,26.292,102.214,17,ML,1.9
2009,2,18,0,33,0.89,26.35,102.32,5,ML,1.3
2009,2,26,18,4,55.54,26.34,102.35,20,ML,2.2
2009,4,18,5,17,18.67,26.3,102.28,6,ML,2.3
2009,4,20,3,46,32.91,26.33,102.35,16,ML,1.9
2009,6,10,2,59,33.56,26.31,102.73,10,ML,2.0
2009,7,17,6,37,55.55,26.181,103.122,7,ML,1.8
2009,8,18,14,39,47.58,26.089,102.215,12,ML,1.3
2009,8,31,23,46,31.33,26.129,103.014,7,ML,1.5
2009,9,15,3,31,5.93,26.136,103.045,7,ML,3.9
2009,9,15,3,34,58.42,26.144,103.048,7,ML,3.5
2009,9,15,3,44,40.32,26.057,103.079,6,ML,1.4
2009,9,15,7,4,9.53,26.096,103.044,7,ML,1.9
2009,9,15,7,58,11.77,26.094,103.011,7,ML,2.4
2009,9,15,8,10,32.58,26.117,103.053,9,ML,1.8
2009,9,15,14,22,42.18,26.115,103.041,6,ML,1.9
2009,9,18,15,16,10.58,26.086,103.067,12,ML,1.9
2009,9,19,0,22,54.69,26.106,103.037,7,ML,1.9
2009,10,1,9,29,50.78,26.293,102.903,8,ML,1.9
2009,10,12,20,23,23.97,26.169,103.028,5,ML,1.6
2009,10,13,8,46,21.71,26.256,102.83,7,ML,2.1
2009,10,26,12,46,25.99,26.4,102.23,5,ML,0.9
2009,10,29,20,39,50.79,26.057,103.154,5,ML,1.8
2009,11,14,4,35,57.54,26.26,102.828,5,ML,1.6
2010,1,2,14,36,51.02,26.23,102.2,13,ML,2.2
2010,1,7,22,11,34.15,26.37,102.71,10,ML,2.3
2010,1,9,19,49,59.72,26.39,102.79,18,ML,2.1
2010,1,22,10,41,32.68,26.097,103.218,5,ML,1.9
2010,1,24,1,58,3.31,26.167,103.044,5,ML,1.7
2010,1,24,2,16,29.94,26.188,103.089,6,ML,1.6
2010,1,27,1,44,2.96,26.051,103.133,7,ML,1.7
2010,3,5,19,35,26.35,26.3,103.362,5,ML,1.7
2010,4,16,11,16,31.62,26.34,102.79,18,ML,1.9
2010,5,16,20,0,41.5,26.124,102.168,6,ML,1.9
2010,6,10,1,29,50.71,26.24,103.06,5,ML,1.6
2010,6,10,20,44,46.57,26.194,103.057,6,ML,3.2
2010,7,11,0,56,50.88,26.26,102.22,17,ML,1.9
2010,8,5,18,8,40.23,26.196,103.058,5,ML,2.7
2010,8,5,22,55,43.27,26.203,103.053,6,ML,2.5
2010,8,6,11,39,18.82,26.16,103.028,7,ML,2.4
2010,8,27,12,23,43.43,26.155,102.236,6,ML,2.1
2010,9,13,23,39,7.68,26.378,103.089,6,ML,1.5
2010,9,18,21,46,40.17,26.06,103.128,6,ML,3.4
2010,9,26,17,31,54.85,26.048,103.119,4,ML,2.0
2010,9,28,10,34,48.28,26.191,102.339,6,ML,2.3
2010,9,29,9,1,51.2,26.184,102.351,6,ML,2.5
2010,10,2,0,33,24.8,26.358,103.025,6,ML,1.9
2010,10,7,7,43,2.53,26.3,102.74,5,ML,2.0
2010,11,25,0,2,22.98,26.3,102.77,6,ML,2.3
2010,12,4,18,44,44.97,26.075,102.689,7,ML,2.5
2010,12,4,18,45,13.36,26.05,102.672,5,ML,2.7
2011,1,6,2,20,30.9,26.164,102.343,6,ML,1.3
2011,1,15,13,41,13.83,26.191,103.49,7,ML,1.7
2011,1,19,23,16,52.04,26.38,102.68,5,ML,1.8
2011,3,27,3,4,25.72,26.173,102.366,4,ML,1.5
2011,5,7,8,59,54.25,26.172,102.34,6,ML,2.0
2011,5,22,10,32,16.6,26.207,103.077,6,ML,2.3
2011,7,10,1,45,56.65,26.384,103.146,5,ML,1.4
2011,7,12,3,44,44.32,26.38,102.3,5,ML,1.8
2011,7,12,10,43,58.36,26.177,102.629,6,ML,2.0
2011,8,9,0,44,9.67,26.35,102.33,12,ML,1.5
2011,9,2,19,41,3.22,26.074,103.186,8,ML,2.9
2011,9,5,2,0,58.51,26.317,102.917,6,ML,1.6
2011,9,9,19,45,34.95,26.154,103.402,6,ML,1.7
2011,10,12,19,5,25.35,26.18,102.84,5,ML,2.0
2011,10,28,2,4,24.49,26.325,102.997,9,ML,1.9
2011,12,7,2,55,5.67,26.327,102.949,6,ML,2.1
2011,12,23,18,30,59.23,26.291,102.927,6,ML,2.2
2012,1,5,5,30,40.7,26.232,103.103,7,ML,1.8
2012,1,19,11,38,39.62,26.334,102.615,8,ML,1.9
2012,1,30,3,39,47.93,26.208,103.077,6,ML,1.7
2012,3,8,13,25,35.96,26.093,102.893,6,ML,2.1
2012,3,12,0,56,4.67,26.32,102.2,9,ML,1.9
2012,4,1,23,28,49.21,26.281,102.942,3,ML,1.7
2012,4,2,12,20,31.27,26.4,102.18,17,ML,2.2
2012,4,2,22,27,34.99,26.118,102.167,6,ML,1.5
2012,4,6,19,43,12.74,26.389,103.215,7,ML,1.8
2012,4,26,4,51,28.91,26.4,102.96,5,ML,1.6
2012,5,8,3,30,37.94,26.29,103.04,5,ML,1.3
2012,5,31,12,17,18.49,26.185,102.973,7,ML,1.8
2012,6,23,5,30,56.52,26.279,102.911,7,ML,1.8
2012,6,24,15,25,23.52,26.283,102.866,7,ML,1.9
2012,7,10,23,30,2.39,26.3,102.72,15,ML,2.1
2012,7,21,17,18,38.64,26.193,103.363,5,ML,1.7
2012,7,24,3,17,32.81,26.27,102.9,5,ML,1.7
2012,7,27,2,15,30.08,26.173,103.045,7,ML,1.9
2012,8,25,13,16,47.89,26.163,102.279,6,ML,2.0
2012,10,13,22,8,6.48,26.203,103.047,7,ML,3.6
2012,10,15,6,30,29.76,26.191,102.342,6,ML,1.7
2012,10,16,20,51,54.76,26.173,103.075,5,ML,2.2
2012,10,26,23,55,33.13,26.18,102.18,5,ML,2.0
2012,11,15,8,15,28.92,26.38,102.18,14,ML,2.4
2012,11,16,20,3,5.81,26.18,102.2,12,ML,2.1
2012,12,10,9,28,43.75,26.35,102.63,18,ML,2.4
2012,12,31,21,39,26.42,26.152,102.763,5,ML,2.1
2012,12,31,22,26,9.88,26.127,102.758,7,ML,1.6
2013,1,1,1,6,7.24,26.143,102.766,5,ML,1.4
2013,1,1,12,35,56.2,26.139,102.777,10,ML,1.8
2013,1,2,7,19,2.75,26.153,102.78,8,ML,1.8
2013,1,13,13,54,6.5,26.177,102.745,9,ML,2.2
2013,1,15,21,3,0.42,26.002,102.65,5,ML,2.2
2013,1,26,1,38,26.84,26.39,102.71,12,ML,2.1
2013,1,28,23,15,59.8,26.298,102.618,6,ML,2.5
2013,2,5,23,23,5.75,26.32,102.2,14,ML,2.3
2013,3,9,10,2,2.68,26.3,102.85,18,ML,2.7
2013,3,18,23,18,15.55,26.4,103.1,10,ML,1.6
2013,3,20,5,45,22.23,26.38,102.19,9,ML,1.9
2013,3,24,5,1,26.91,26.003,103.126,10,ML,2.0
2013,5,9,5,24,53.45,26.095,102.209,5,ML,1.9
2013,5,22,3,42,25.19,26.099,102.243,5,ML,1.6
2013,5,22,4,47,41.02,26.292,102.774,12,ML,1.7
2013,5,24,0,15,29.09,26.24,102.794,5,ML,1.9
2013,6,1,23,52,18.26,26.213,102.315,13,ML,1.6
2013,6,8,22,36,45.26,26.012,103.17,6,ML,2.2
2013,6,15,14,52,53.55,26.094,102.689,11,ML,2.2
2013,7,1,1,26,31.08,26.298,102.71,2,ML,1.7
2013,7,31,9,22,14.36,26.103,102.277,14,ML,2.4
2013,7,31,16,36,9.87,26.335,102.266,23,ML,2.4
2013,8,23,2,59,37.35,26.391,102.707,5,ML,1.7
2013,9,7,2,3,28.28,26.321,102.38,18,ML,3.2
2013,9,7,2,12,23.83,26.318,102.378,13,ML,2.1
2013,9,7,3,43,0.89,26.327,102.371,14,ML,2.6
2013,9,7,11,6,58.19,26.162,103.022,5,ML,1.9
2013,11,16,23,36,40.6,26.36,103.01,10,Ms,4.6
2013,11,16,23,41,23.98,26.329,102.995,5,ML,1.8
2013,11,17,0,50,11.69,26.301,102.97,5,ML,1.6
2013,11,23,1,38,3.47,26.266,102.984,6,ML,1.9
2013,11,24,3,17,15.35,26.319,103.021,6,ML,1.5
2013,12,20,0,8,13.42,26.063,102.159,6,ML,2.3
2013,12,22,3,28,11.12,26.386,103.057,16,ML,2.3
2013,12,31,5,35,23.04,26.089,102.222,16,ML,2.2
2013,12,31,5,37,0.0,26.089,102.235,16,ML,2.1
2014,1,9,21,9,16.12,26.398,102.714,20,ML,2.1
2014,1,25,1,36,26.76,26.014,103.093,4,ML,1.6
2014,1,29,18,14,55.37,26.359,102.701,3,ML,2.5
2014,2,6,23,41,5.66,26.297,102.753,10,ML,1.9
2014,2,19,1,35,33.77,26.28,102.749,22,ML,1.6
2014,3,13,3,12,54.56,26.284,102.942,5,ML,2.3
2014,3,13,4,21,27.08,26.239,102.93,7,ML,2.0
2014,3,17,21,32,57.89,26.239,102.87,5,ML,1.9
2014,4,24,16,51,0.62,26.298,102.853,5,ML,2.3
2014,5,14,21,0,41.65,26.128,103.024,5,ML,1.8
2014,7,13,0,8,39.38,26.314,102.698,2,ML,1.7
2014,8,13,22,9,35.42,26.157,102.931,6,ML,2.1
2014,8,15,4,5,1.32,26.174,102.743,5,ML,1.8
2014,8,15,16,3,41.64,26.175,102.796,13,ML,2.2
2014,8,17,13,20,27.61,26.366,103.042,10,ML,2.0
2014,8,18,20,3,39.13,26.134,102.85,5,ML,1.5
2014,8,27,7,34,39.69,26.182,102.986,5,ML,3.0
2014,8,27,7,35,32.52,26.174,103.0,5,ML,3.0
2014,8,27,7,37,47.56,26.187,102.989,5,ML,2.0
2014,9,9,17,30,5.88,26.274,102.657,7,ML,2.0
2014,9,9,23,29,17.32,26.309,102.863,5,ML,1.6
2014,9,11,3,37,32.65,26.063,102.419,23,ML,1.3
2014,9,15,13,46,59.29,26.396,102.72,10,ML,1.8
2014,9,22,3,4,47.92,26.161,103.0,10,ML,2.1
2014,9,23,4,44,10.05,26.236,102.941,17,ML,2.1
2014,9,23,5,5,24.68,26.227,102.414,11,ML,1.3
2014,9,23,23,46,12.15,26.232,102.46,23,ML,2.1
2014,10,2,4,39,40.44,26.334,102.215,5,ML,1.2
2014,10,14,18,40,29.71,26.322,102.788,12,ML,2.0
2014,11,12,7,32,55.43,26.283,102.977,5,ML,2.7
2014,11,14,22,10,30.15,26.278,102.789,15,ML,2.1
2014,12,16,17,38,6.35,26.273,102.941,7,ML,3.2
2014,12,22,19,53,2.55,26.386,103.042,12,ML,1.3
2015,1,10,4,24,2.59,26.271,102.922,5,ML,1.4
2015,1,10,15,22,6.73,26.316,102.888,5,ML,1.8
2015,1,13,15,24,46.41,26.166,102.974,5,ML,1.8
2015,1,18,21,56,14.95,26.38,102.225,5,ML,1.5
2015,1,29,21,9,15.53,26.385,103.02,13,ML,2.0
2015,2,3,2,23,9.0,26.293,103.004,10,ML,1.8
2015,2,6,17,8,24.54,26.122,103.291,5,ML,1.7
2015,2,7,22,24,9.62,26.242,102.933,14,ML,3.4
2015,2,11,4,25,8.18,26.192,103.063,13,ML,1.3
2015,2,11,4,36,48.66,26.193,103.066,13,ML,1.2
2015,2,14,15,9,35.95,26.062,103.196,8,ML,2.3
2015,2,16,0,32,53.1,26.285,102.616,9,ML,1.6
2015,2,19,1,20,20.98,26.178,103.298,13,ML,0.9
2015,2,22,23,29,14.54,26.301,102.305,5,ML,1.4
2015,2,23,10,52,34.89,26.22,103.083,11,ML,1.6
2015,3,12,12,3,15.97,26.385,103.246,24,ML,1.6
2015,4,8,6,10,21.75,26.374,103.069,14,ML,1.3
2015,4,10,15,16,32.79,26.249,103.175,24,ML,1.8
2015,4,12,17,29,28.06,26.278,102.728,13,ML,2.5
2015,4,19,2,12,36.21,26.27,102.903,11,ML,1.4
2015,4,21,19,28,16.55,26.072,103.312,5,ML,1.7
2015,4,22,4,31,6.08,26.218,102.973,14,ML,1.1
2015,5,3,17,43,5.49,26.377,103.214,21,ML,1.6
2015,5,3,18,8,33.63,26.397,103.202,23,ML,1.7
2015,5,11,18,54,44.7,26.137,103.453,13,ML,1.8
2015,5,14,1,42,17.94,26.056,102.716,17,ML,2.0
2015,5,14,2,24,29.02,26.024,103.11,10,ML,1.8
2015,5,17,22,8,52.21,26.302,102.897,5,ML,2.4
2015,5,26,3,22,7.46,26.019,102.691,18,ML,2.5
2015,5,28,5,49,40.7,26.077,103.083,11,ML,0.9
2015,6,2,19,30,48.92,26.4,103.15,21,ML,1.9
2015,6,11,0,42,37.22,26.301,102.646,14,ML,1.9
2015,6,23,20,48,32.23,26.181,102.946,11,ML,2.0
2015,6,29,21,33,10.34,26.298,103.034,5,ML,1.5
2015,6,30,18,26,30.35,26.394,103.192,20,ML,1.6
2015,7,1,18,14,33.12,26.192,103.129,14,ML,1.7
2015,7,2,20,39,25.09,26.159,103.27,16,ML,1.0
2015,7,6,20,25,29.3,26.151,103.425,19,ML,1.6
2015,7,14,15,41,8.83,26.019,103.193,10,ML,1.9
2015,7,15,6,18,14.21,26.27,102.976,5,ML,1.8
2015,7,21,16,46,3.27,26.013,103.143,4,ML,1.8
2015,7,29,16,36,14.84,26.079,103.073,6,ML,1.9
2015,8,10,1,40,30.63,26.066,102.192,14,ML,2.0
2015,8,10,3,46,27.36,26.062,102.219,12,ML,0.7
2015,8,13,14,49,29.29,26.146,103.121,19,ML,2.9
2015,8,17,11,52,23.31,26.399,102.676,2,ML,1.9
2015,8,26,16,20,50.14,26.379,103.231,19,ML,1.6
2015,8,27,15,29,20.76,26.396,103.183,19,ML,1.9
2015,9,1,7,35,25.71,26.342,103.096,5,ML,1.5
2015,9,14,6,1,36.28,26.338,102.957,5,ML,1.7
2015,9,16,8,42,5.3,26.056,102.732,24,ML,2.5
2015,9,16,11,39,27.97,26.384,103.276,19,ML,1.5
2015,9,24,23,34,36.43,26.3,103.274,12,ML,1.5
2015,9,29,15,32,28.82,26.078,103.216,10,ML,1.9
2015,10,1,21,14,7.87,26.357,103.111,11,ML,2.1
2015,10,8,23,45,5.59,26.299,102.807,12,ML,1.8
2015,10,14,0,48,22.74,26.392,103.255,12,ML,1.4
2015,10,19,17,32,3.5,26.213,103.039,8,ML,1.5
2015,10,25,15,3,34.75,26.38,103.227,16,ML,1.8
2015,11,5,3,8,0.99,26.382,103.271,20,ML,1.3
2015,11,9,18,36,40.94,26.392,103.278,22,ML,1.8
2015,11,16,6,42,32.76,26.379,102.414,20,ML,2.0
2015,11,18,16,24,15.54,26.059,103.233,9,ML,2.2
2015,11,19,14,56,56.46,26.395,103.236,5,ML,1.6
2015,11,21,0,0,6.92,26.079,102.651,5,ML,1.8
2015,12,20,0,31,7.33,26.343,103.113,13,ML,1.9
2015,12,20,0,31,29.65,26.344,103.133,18,ML,2.0
2015,12,22,22,8,43.53,26.361,102.564,8,ML,1.5
2015,12,25,17,26,19.1,26.085,103.239,5,ML,2.4
2016,1,16,4,7,0.39,26.283,102.726,5,ML,1.7
2016,1,17,20,56,42.41,26.397,102.344,22,ML,1.5
2016,1,22,9,12,43.88,26.344,102.66,6,ML,1.9
2016,1,23,6,44,14.47,26.353,103.098,11,ML,2.9
2016,1,23,22,14,56.61,26.347,103.105,17,ML,2.2
2016,1,26,0,37,4.51,26.354,103.118,16,ML,1.4
2016,2,2,16,7,51.98,26.09,103.257,9,ML,1.5
2016,2,5,16,14,30.14,26.071,103.222,5,ML,2.2
2016,2,24,8,5,8.99,26.278,102.825,18,ML,2.0
2016,2,28,18,36,17.89,26.075,103.255,5,ML,1.4
2016,3,3,9,3,53.51,26.103,102.507,8,ML,2.2
2016,3,5,18,32,44.96,26.267,102.773,17,ML,2.6
2016,3,5,18,37,51.74,26.253,102.724,6,ML,1.8
2016,3,8,12,11,27.05,26.323,102.632,21,ML,2.7
2016,3,12,14,10,2.98,26.36,103.129,5,ML,2.9
2016,3,13,14,47,37.87,26.275,102.74,11,ML,2.4
2016,3,20,20,53,37.75,26.332,102.309,13,ML,2.0
2016,3,23,5,37,33.34,26.006,103.415,6,ML,1.9
2016,3,26,5,56,44.16,26.344,103.142,8,ML,0.9
2016,3,30,15,10,30.6,26.365,103.202,23,ML,1.7
2016,4,1,6,25,7.11,26.102,103.239,5,ML,1.5
2016,4,7,0,54,50.24,26.08,103.094,12,ML,1.1
2016,4,29,7,33,23.78,26.021,103.411,10,ML,1.9
2016,5,4,0,53,32.42,26.299,102.513,19,ML,2.0
2016,5,4,12,22,43.05,26.028,103.174,9,ML,1.7
2016,5,9,16,50,38.5,26.398,103.196,16,ML,1.6
2016,5,17,6,24,42.54,26.031,103.433,5,ML,2.0
2016,5,18,11,23,8.35,26.077,103.122,17,ML,0.7
2016,5,21,18,40,2.21,26.032,103.215,10,ML,1.5
2016,5,22,17,16,13.7,26.199,102.935,8,ML,1.3
2016,5,30,18,22,38.82,26.183,102.312,7,ML,2.0
2016,6,6,17,13,23.54,26.014,103.159,7,ML,2.1
2016,6,8,12,13,28.71,26.023,103.266,9,ML,1.2
2016,6,10,16,37,40.06,26.309,102.965,13,ML,1.2
2016,6,10,20,47,28.91,26.322,102.98,11,ML,1.2
2016,6,14,12,59,10.06,26.385,103.241,10,ML,1.5
2016,6,14,23,52,8.73,26.082,103.343,5,ML,1.0
2016,6,20,11,59,14.87,26.398,103.195,16,ML,1.4
2016,6,21,7,47,50.85,26.131,102.238,12,ML,2.2
2016,6,24,16,53,25.96,26.17,103.289,5,ML,1.6
2016,6,24,18,9,30.62,26.087,103.227,10,ML,1.6
2016,6,25,16,39,59.06,26.023,103.239,10,ML,2.2
2016,6,26,0,56,22.17,26.274,102.767,5,ML,1.8
2016,7,4,0,14,3.78,26.04,103.312,20,ML,1.6
2016,7,9,22,38,45.86,26.349,102.318,18,ML,2.3
2016,7,20,6,45,23.81,26.062,103.409,5,ML,1.7
2016,7,23,5,37,49.06,26.087,103.349,10,ML,1.3
2016,7,25,18,12,31.93,26.047,103.215,11,ML,1.8
2016,7,26,19,33,21.54,26.216,103.102,5,ML,1.7
2016,7,26,21,59,32.49,26.217,103.083,7,ML,2.0
2016,7,26,23,0,5.33,26.187,103.044,10,ML,1.3
2016,7,27,13,51,49.82,26.209,103.067,11,ML,2.9
2016,7,27,13,57,42.11,26.194,103.037,12,ML,1.6
2016,7,27,14,30,14.29,26.179,103.016,11,ML,2.2
2016,7,28,2,34,22.99,26.212,102.954,5,ML,1.6
2016,7,28,6,27,56.35,26.173,103.04,9,ML,1.7
2016,7,28,19,25,23.31,26.173,103.016,10,ML,1.3
2016,7,28,21,59,59.28,26.203,103.033,13,ML,1.3
2016,7,29,7,57,58.61,26.135,102.633,3,ML,1.9
2016,7,31,14,21,28.23,26.314,102.894,8,ML,1.7
2016,8,1,12,23,36.62,26.061,103.12,9,ML,1.7
2016,8,3,18,49,35.69,26.076,103.222,11,ML,1.5
2016,8,5,2,5,43.3,26.132,102.744,8,ML,1.2
2016,8,5,9,8,17.32,26.198,103.054,11,ML,0.9
2016,8,6,0,41,54.06,26.197,103.038,10,ML,0.6
2016,8,6,7,22,40.72,26.203,103.069,8,ML,1.9
2016,8,8,0,2,12.73,26.183,103.037,10,ML,0.5
2016,8,15,0,15,0.94,26.393,103.036,10,ML,1.2
2016,8,22,20,57,9.64,26.391,102.738,16,ML,1.7
2016,9,9,11,47,14.71,26.378,103.241,8,ML,1.4
2016,9,9,12,36,42.36,26.113,103.13,10,ML,1.6
2016,9,9,12,37,14.93,26.092,103.103,10,ML,1.5
2016,9,9,12,37,33.17,26.1,103.114,10,ML,1.3
2016,9,9,13,27,22.9,26.087,103.098,8,ML,1.5
2016,9,9,18,26,1.54,26.082,103.089,8,ML,1.3
2016,9,10,3,29,19.56,26.354,102.702,2,ML,1.8
2016,9,27,1,46,9.7,26.26,102.987,4,ML,1.6
2016,9,29,9,36,44.84,26.047,103.113,7,ML,1.7
2016,10,15,23,5,39.08,26.071,103.352,16,ML,1.5
2016,10,22,18,40,17.04,26.037,103.452,6,ML,1.8
2016,10,22,18,42,52.76,26.265,102.412,5,ML,1.6
2016,10,22,22,20,5.66,26.026,103.199,3,ML,1.4
2016,10,24,16,38,51.08,26.045,103.21,13,ML,1.6
2016,10,24,19,9,12.88,26.391,103.247,10,ML,1.4
2016,10,26,5,34,1.14,26.234,103.463,5,ML,1.4
2016,10,26,15,43,31.78,26.399,103.205,9,ML,1.9
2016,10,27,23,17,1.16,26.004,103.433,3,ML,1.6
2016,10,31,17,23,33.54,26.392,103.264,5,ML,1.4
2016,11,4,18,49,11.09,26.389,103.216,22,ML,1.8
2016,11,5,18,4,55.39,26.285,103.275,5,ML,1.7
2016,11,13,6,28,25.63,26.053,103.155,8,ML,1.9
2016,11,14,20,47,5.77,26.3,102.713,5,ML,1.8
2016,11,15,23,18,56.21,26.029,103.358,16,ML,2.0
2016,11,16,12,29,32.84,26.398,103.23,14,ML,1.7
2016,11,18,9,27,36.65,26.163,102.193,2,ML,2.1
2016,11,20,17,25,56.24,26.064,103.229,12,ML,1.8
2016,11,21,18,15,14.3,26.394,103.188,17,ML,1.6
2016,12,8,17,20,8.97,26.288,102.608,15,ML,2.8
2016,12,31,2,59,3.12,26.272,102.205,3,ML,1.7
2017,1,19,3,27,47.15,26.051,103.142,7,ML,1.4
2017,1,23,15,20,44.1,26.071,103.196,7,ML,2.0
2017,2,5,18,43,31.38,26.003,103.089,5,ML,2.1
2017,3,17,5,26,21.84,26.398,102.601,18,ML,2.0
2017,3,24,4,4,49.78,26.316,102.817,9,ML,2.1
2017,4,10,0,41,30.53,26.298,102.656,19,ML,2.1
2017,4,29,2,22,21.25,26.295,102.644,5,ML,2.4
2017,5,23,6,13,30.37,26.264,102.925,21,ML,2.5
2017,6,10,4,22,42.64,26.289,102.291,13,ML,1.8
2017,6,12,6,44,28.83,26.299,102.284,14,ML,2.9
2017,6,17,0,56,26.93,26.3,102.282,2,ML,1.3
2017,6,22,8,57,15.41,26.055,103.171,8,ML,2.3
2017,7,7,7,15,50.39,26.165,102.629,7,ML,1.5
2017,7,9,11,36,19.8,26.331,102.8,21,ML,2.5
2017,7,26,8,15,7.17,26.232,102.974,8,ML,2.3
2017,8,13,17,43,21.31,26.197,102.995,9,ML,2.7
2017,9,7,19,33,43.93,26.272,102.878,8,ML,1.7
2017,10,31,2,12,35.23,26.324,102.642,14,ML,2.5
2017,10,31,2,24,33.71,26.321,102.645,13,ML,2.2
2017,10,31,2,27,17.46,26.32,102.651,18,ML,1.4
2017,10,31,9,1,56.22,26.304,102.654,14,ML,1.8
2017,11,3,4,45,21.33,26.358,102.304,19,ML,1.2
2017,11,3,7,30,14.64,26.267,102.365,17,ML,1.5
2017,11,3,17,41,58.82,26.04,103.213,7,ML,2.4
2017,11,3,21,52,47.48,26.016,102.346,10,ML,1.2
2017,11,18,3,43,19.31,26.02,102.167,15,ML,1.2
2017,11,21,2,18,11.31,26.141,102.216,14,ML,1.3
2017,11,25,21,6,43.49,26.305,102.643,11,ML,1.5
2017,11,29,0,29,41.34,26.332,102.649,5,ML,1.8
2017,12,1,19,13,41.29,26.322,102.642,21,ML,2.2
2017,12,1,21,48,1.6,26.215,102.341,20,ML,1.4
2017,12,1,22,32,2.55,26.32,102.647,22,ML,2.5
2017,12,4,1,13,16.24,26.277,102.931,6,ML,1.7
2017,12,19,4,29,12.18,26.049,103.119,16,ML,1.7
2017,12,19,19,12,19.94,26.383,102.753,13,ML,1.4
2017,12,21,15,12,24.7,26.061,102.162,2,ML,2.9
2017,12,21,23,18,6.06,26.068,102.185,5,ML,1.4
2017,12,22,2,10,21.71,26.052,102.152,12,ML,2.3
2017,12,24,6,3,35.33,26.05,102.156,21,ML,2.4
2017,12,24,7,2,9.0,26.044,102.185,24,ML,1.3
2017,12,29,21,44,22.44,26.061,103.095,14,ML,1.9
2017,12,31,4,24,38.73,26.059,102.158,8,ML,1.5
2018,1,2,9,35,39.83,26.256,102.932,5,ML,2.5
2018,1,3,11,16,26.94,26.052,102.158,12,ML,2.6
2018,1,3,11,26,56.99,26.036,102.169,2,ML,1.7
2018,1,5,23,8,53.08,26.058,103.32,19,ML,1.2
2018,1,16,22,12,0.49,26.104,102.178,20,ML,1.5
2018,2,10,9,58,19.5,26.28,102.618,9,ML,2.1
2018,2,16,5,3,40.98,26.306,102.281,5,ML,0.9
2018,2,18,5,35,55.16,26.274,102.34,24,ML,1.4
2018,3,4,13,15,40.35,26.348,102.271,5,ML,1.5
2018,3,10,3,45,46.24,26.309,102.194,16,ML,1.1
2018,3,15,12,0,10.09,26.256,102.622,14,ML,1.6
2018,3,29,18,20,52.83,26.049,103.021,24,ML,2.0
2018,3,31,21,56,12.1,26.296,102.672,12,ML,1.9
2018,3,31,23,17,22.07,26.298,102.653,20,ML,2.0
2018,4,3,6,8,42.99,26.367,102.395,9,ML,0.8
2018,4,6,3,42,12.26,26.232,102.192,19,ML,1.6
2018,4,7,2,27,53.86,26.289,102.562,5,ML,1.3
2018,4,16,20,31,15.45,26.078,103.331,17,ML,1.6
2018,4,29,1,12,43.28,26.21,102.994,5,ML,1.7
2018,4,30,20,58,55.96,26.056,103.159,28,ML,1.6
2018,5,2,2,13,27.1,26.306,102.759,21,ML,1.8
2018,5,8,3,4,53.34,26.075,103.338,15,ML,1.5
2018,5,14,3,22,21.77,26.297,102.734,5,ML,1.4
2018,5,14,6,22,30.32,26.283,102.738,5,ML,1.9
2018,5,14,7,1,12.59,26.346,102.399,5,ML,1.1
2018,5,14,18,31,26.44,26.068,103.331,23,ML,1.7
2018,5,16,23,6,57.22,26.083,103.352,17,ML,1.6
2018,5,21,20,33,15.08,26.065,103.299,27,ML,1.6
2018,6,2,12,14,15.74,26.29,102.932,16,ML,1.6
2018,6,2,12,49,43.34,26.318,103.02,22,ML,1.4
2018,6,3,5,6,13.15,26.303,102.957,10,ML,1.5
2018,6,3,6,0,7.19,26.302,102.939,15,ML,1.3
2018,6,3,10,17,54.83,26.308,102.972,19,ML,2.5
2018,6,6,21,13,7.69,26.335,102.449,13,ML,1.5
2018,6,15,6,26,58.57,26.28,102.733,16,ML,2.2
2018,6,18,13,19,39.75,26.391,103.216,5,ML,1.8
2018,6,25,12,55,48.58,26.294,102.673,13,ML,2.0
2018,7,4,18,25,43.76,26.204,103.39,27,ML,1.2
2018,7,11,21,42,11.39,26.186,102.996,6,ML,2.9
2018,7,26,18,16,21.14,26.384,103.059,7,ML,2.5
2018,8,3,6,52,12.34,26.302,102.594,6,ML,1.3
2018,8,4,1,37,14.51,26.308,102.908,19,ML,1.8
2018,8,6,23,28,39.56,26.346,102.183,5,ML,1.0
2018,8,8,22,39,23.11,26.298,102.22,5,ML,1.1
2018,8,8,23,14,30.66,26.334,102.204,22,ML,2.0
2018,8,8,23,24,0.74,26.344,102.177,26,ML,0.9
2018,8,9,3,45,10.38,26.32,102.207,18,ML,1.0
2018,8,10,2,30,46.46,26.33,102.213,20,ML,1.2
2018,8,10,13,8,2.88,26.318,102.215,20,ML,1.2
2018,8,23,1,59,54.85,26.3,102.927,18,ML,2.0
2018,8,23,18,52,3.03,26.062,103.323,20,ML,1.8
2018,8,26,2,28,13.49,26.39,103.014,25,ML,0.9
2018,8,26,11,48,4.99,26.4,103.321,5,ML,1.0
2018,8,30,6,25,23.83,26.314,102.806,19,ML,2.2
2018,9,7,4,17,23.36,26.305,102.272,22,ML,1.3
2018,9,8,6,49,41.38,26.086,103.106,24,ML,1.7
2018,9,20,23,36,36.05,26.306,102.214,19,ML,1.6
2018,9,29,15,26,12.87,26.391,102.455,12,ML,1.6
2018,10,9,6,9,49.78,26.329,102.23,19,ML,1.0
2018,10,29,17,27,53.08,26.119,102.933,5,ML,1.7
2018,10,29,19,42,41.37,26.049,102.301,4,ML,3.2
2018,11,3,18,36,34.36,26.043,103.062,29,ML,1.8
2018,11,20,18,37,49.15,26.052,103.471,9,ML,1.3
2018,11,29,18,6,24.71,26.089,102.953,10,ML,1.6
2018,12,2,16,43,33.26,26.297,102.857,5,ML,2.2
2018,12,10,0,21,48.75,26.299,102.221,15,ML,1.4
2018,12,23,2,6,1.26,26.302,102.654,6,ML,3.2
2018,12,23,3,35,31.34,26.296,102.655,18,ML,2.5
2018,12,27,4,59,18.85,26.17,103.074,23,ML,1.3
2019,1,16,0,38,18.03,26.289,102.715,10,ML,1.8
2019,1,22,5,12,23.07,26.008,102.188,7,ML,1.0
2019,1,26,6,16,7.25,26.007,102.626,9,ML,1.7
2019,1,31,6,31,51.33,26.177,102.17,15,ML,1.0
2019,2,3,7,11,48.9,26.383,102.187,16,ML,1.5
2019,2,4,3,34,5.67,26.159,102.186,15,ML,1.1
2019,2,4,21,1,14.25,26.091,103.056,7,ML,1.6
2019,2,6,5,28,40.64,26.098,103.206,10,ML,1.3
2019,2,13,5,9,15.52,26.318,102.739,17,ML,2.0
2019,3,3,18,32,39.95,26.159,103.38,23,ML,1.0
2019,3,9,17,48,17.61,26.398,103.345,15,ML,1.6
2019,3,14,18,43,56.18,26.016,103.448,6,ML,2.0
2019,3,20,20,54,20.28,26.307,102.759,9,ML,2.5
2019,3,25,20,34,37.93,26.301,102.878,5,ML,1.8
2019,4,4,16,55,30.72,26.298,102.886,4,ML,1.9
2019,4,6,3,1,11.17,26.295,102.898,6,ML,1.3
2019,4,6,7,37,15.42,26.333,103.043,24,ML,1.8
2019,4,26,5,49,3.63,26.31,102.391,18,ML,1.6
2019,4,26,18,52,41.19,26.033,103.434,5,ML,1.4
2019,4,29,17,58,36.41,26.34,103.289,15,ML,1.5
2019,5,7,18,37,12.49,26.154,103.425,5,ML,1.2
2019,5,9,11,44,49.28,26.309,102.924,12,ML,0.8
2019,5,10,1,8,56.33,26.298,102.86,11,ML,0.7
2019,5,12,17,58,36.5,26.383,103.314,14,ML,1.5
2019,5,14,7,0,50.47,26.033,103.419,7,ML,1.5
2019,5,17,11,28,37.6,26.277,102.952,18,ML,2.1
2019,5,18,3,7,12.66,26.319,102.225,22,ML,1.1
2019,5,19,1,19,5.19,26.283,102.855,10,ML,1.0
2019,5,23,12,44,31.38,26.372,102.711,16,ML,2.0
2019,5,23,13,22,56.05,26.39,102.706,16,ML,2.1
2019,5,23,15,36,4.62,26.395,102.703,14,ML,2.4
2019,5,24,20,6,2.71,26.257,103.103,13,ML,1.3
2019,5,26,15,56,1.27,26.092,103.263,6,ML,1.4
2019,6,2,2,52,20.26,26.322,102.898,10,ML,1.3
2019,6,8,5,51,12.11,26.297,102.658,20,ML,1.8
2019,7,2,12,51,3.68,26.265,102.949,30,ML,2.3
2019,7,24,20,48,10.73,26.001,103.15,14,ML,1.5
2019,7,27,4,15,25.83,26.3,102.215,12,ML,1.0
2019,7,27,19,21,28.19,26.294,102.919,5,ML,1.5
2019,7,30,0,3,10.06,26.311,102.448,23,ML,1.5
2019,7,31,22,38,12.72,26.205,102.877,5,ML,1.7
2019,8,20,22,2,54.59,26.048,102.177,15,ML,1.7
2019,8,28,1,45,4.28,26.03,103.083,13,ML,1.7
2019,9,10,17,8,36.17,26.244,102.234,15,ML,1.9
2019,9,12,11,59,40.72,26.241,102.235,21,ML,2.5
2019,9,12,19,4,42.74,26.306,102.271,21,ML,2.7
2019,9,13,1,13,35.41,26.311,102.271,20,ML,2.1
2019,10,12,2,56,7.92,26.356,102.435,19,ML,1.2
2019,10,24,4,56,54.32,26.391,102.378,19,ML,1.8
2019,11,3,12,44,50.77,26.093,103.209,12,ML,1.6
2019,11,11,15,6,25.74,26.16,102.732,9,ML,2.2
2019,11,23,7,32,27.47,26.28,102.777,13,ML,2.0
2019,11,26,15,26,16.29,26.112,103.155,9,ML,2.2
2019,11,30,3,27,6.73,26.006,103.111,11,ML,1.4
2020,1,4,20,39,8.65,26.301,102.783,23,ML,2.8
2020,1,22,13,43,58.38,26.001,102.618,25,ML,2.1
2020,2,1,19,35,57.41,26.37,102.685,19,ML,2.1
2020,2,2,4,53,55.81,26.398,102.737,24,ML,2.3
2020,2,2,5,22,23.32,26.364,102.736,14,ML,1.8
2020,2,3,4,8,5.89,26.235,103.175,15,ML,0.9
2020,2,15,7,57,49.54,26.369,102.265,19,ML,1.2
2020,2,18,7,18,8.54,26.3,102.443,12,ML,1.4
2020,2,18,7,28,49.42,26.297,102.432,13,ML,1.5
2020,2,18,12,31,20.5,26.317,102.185,16,ML,1.6
2020,3,11,6,51,33.93,26.202,102.957,21,ML,1.7
2020,3,12,3,19,10.15,26.298,102.5,16,ML,1.7
2020,3,24,16,24,53.72,26.316,102.75,17,ML,2.3
2020,4,8,0,54,2.42,26.066,103.313,25,ML,1.4
2020,5,27,18,7,7.75,26.363,102.72,23,ML,2.7
2020,5,29,16,6,55.25,26.029,102.879,7,ML,2.2
2020,5,30,15,0,15.74,26.277,102.722,18,ML,2.6
2020,6,8,1,12,54.88,26.296,102.459,6,ML,1.9
2020,6,10,19,58,10.96,26.337,102.477,15,ML,2.4
2020,6,15,17,24,50.01,26.293,102.625,20,ML,2.5
2020,6,16,2,24,33.14,26.341,102.48,11,ML,2.8
2020,6,16,2,55,33.13,26.332,102.48,9,ML,1.8
2020,6,16,5,55,12.16,26.315,102.481,13,ML,1.4
2020,6,16,6,55,46.69,26.327,102.951,19,ML,2.2
2020,6,16,23,11,55.84,26.355,102.462,13,ML,2.0
2020,6,18,14,2,52.72,26.352,103.005,24,ML,2.1
2020,6,18,21,33,5.6,26.343,102.992,24,ML,2.1
2020,6,19,0,14,31.52,26.339,102.48,20,ML,1.6
2020,6,22,3,27,31.26,26.313,102.864,7,ML,1.8
2020,6,22,4,10,54.14,26.013,102.294,7,ML,1.9
2020,6,24,11,55,17.63,26.334,102.488,6,ML,2.3
2020,6,25,21,34,23.25,26.212,103.016,8,ML,1.7
2020,6,27,5,53,34.36,26.323,102.457,7,ML,1.5
2020,7,8,10,46,39.4,26.042,103.08,12,ML,1.7
2020,7,8,10,53,10.73,26.017,103.155,15,ML,2.0
2020,7,8,10,57,39.35,26.004,103.128,14,ML,2.1
2020,7,8,11,22,22.52,26.01,103.11,16,ML,1.7
2020,7,8,11,26,7.83,26.006,103.12,13,ML,2.4
2020,7,8,11,47,28.25,26.031,103.113,12,ML,2.1
2020,7,8,11,47,37.99,26.009,103.17,16,ML,2.0
2020,7,8,11,55,12.52,26.013,103.108,3,ML,3.0
2020,7,8,13,23,37.68,26.006,103.136,15,ML,2.1
2020,7,8,14,53,36.32,26.026,103.063,11,ML,2.1
2020,7,8,14,54,1.04,26.045,103.089,11,ML,2.2
2020,7,8,17,0,16.03,26.029,103.101,12,ML,1.6
2020,7,9,1,7,10.69,26.002,103.129,15,ML,2.3
2020,7,11,2,14,44.42,26.014,103.094,7,ML,1.7
2020,7,11,5,11,45.44,26.008,103.125,10,ML,2.3
2020,7,11,5,14,37.6,26.056,103.223,7,ML,1.4
2020,7,11,5,57,0.77,26.013,103.134,12,ML,1.4
2020,7,11,9,2,14.23,26.06,103.109,7,ML,1.6
2020,7,11,9,3,20.19,26.011,103.109,6,ML,2.0
2020,7,12,12,24,13.5,26.005,103.272,6,ML,1.7
2020,7,13,11,55,41.47,26.032,103.091,10,ML,2.2
2020,7,15,2,56,3.86,26.299,102.923,4,ML,3.1
2020,7,16,4,49,26.63,26.006,103.103,7,ML,2.6
2020,7,16,14,50,32.21,26.016,103.146,14,ML,2.2
2020,7,17,20,36,34.93,26.027,103.057,7,ML,1.7
2020,7,18,21,19,44.97,26.013,103.137,14,ML,2.0
2020,7,19,3,12,21.04,26.349,102.477,20,ML,2.6
2020,7,19,14,43,12.7,26.308,102.483,14,ML,2.0
2020,7,27,7,34,27.16,26.044,103.126,7,ML,2.2
2020,8,3,1,42,56.22,26.32,102.977,23,ML,1.7
2020,8,6,11,22,57.67,26.326,103.004,17,ML,2.4
2020,8,13,4,37,13.64,26.318,102.443,19,ML,1.6
2020,8,14,1,39,48.77,26.008,103.162,9,ML,1.6
2020,9,2,6,52,26.93,26.024,103.113,6,ML,1.7
2020,9,6,23,2,51.72,26.344,102.945,10,ML,1.9
2020,9,9,18,48,0.12,26.227,102.176,18,ML,1.9
2020,9,11,20,16,4.22,26.105,103.158,6,ML,2.6
2020,9,17,17,21,3.27,26.205,103.459,20,ML,1.4
2020,9,23,0,45,39.29,26.337,102.534,23,ML,1.7
2020,9,23,15,22,46.32,26.329,103.377,6,ML,1.7
2020,10,1,12,50,51.51,26.062,102.195,11,ML,2.1
2020,10,8,1,55,35.15,26.212,102.947,16,ML,2.5
2020,10,8,3,21,39.64,26.007,102.302,10,ML,1.6
2020,10,11,14,20,58.0,26.076,103.066,5,ML,2.0
2020,10,23,0,35,8.19,26.38,102.349,15,ML,1.2
2020,10,25,21,37,21.97,26.3,102.214,19,ML,1.7
2020,11,1,9,20,6.41,26.303,102.494,3,ML,2.0
2020,11,2,21,14,47.82,26.285,102.482,15,ML,1.4
2020,11,6,15,51,55.31,26.338,102.963,6,ML,1.9
2020,11,8,2,32,52.67,26.257,102.412,15,ML,1.5
2020,11,10,0,39,28.12,26.304,102.513,7,ML,1.9
2020,11,10,3,20,30.13,26.317,102.514,15,ML,1.4
2020,11,10,7,8,59.12,26.02,102.43,3,ML,1.5
2020,11,20,20,2,17.18,26.315,102.458,6,ML,1.9
2020,11,21,5,21,6.2,26.023,103.114,6,ML,1.6
2020,11,28,12,43,44.51,26.327,102.369,24,ML,2.2
2020,12,2,10,2,45.97,26.37,102.46,15,ML,1.9
2020,12,2,11,11,22.9,26.332,102.465,13,ML,2.6
2020,12,2,11,57,40.77,26.33,102.475,9,ML,2.4
2020,12,4,11,41,3.5,26.298,102.612,8,ML,2.0
2020,12,4,18,33,31.89,26.312,102.445,14,ML,2.6
2020,12,5,5,28,19.43,26.196,102.996,10,ML,2.2
2020,12,10,5,9,56.25,26.372,103.038,22,ML,1.5
2020,12,14,16,22,24.07,26.213,103.036,18,ML,1.5
2020,12,19,10,5,48.76,26.295,102.474,9,ML,1.9
2020,12,19,16,43,0.85,26.373,103.197,5,ML,2.1
2021,1,3,2,13,38.63,26.032,103.056,5,ML,1.3
2021,1,3,3,40,10.89,26.304,102.651,11,ML,1.6
2021,1,7,6,54,48.48,26.035,103.09,11,ML,1.4
2021,1,8,16,0,0.36,26.304,102.44,5,ML,2.3
2021,1,13,6,28,55.17,26.291,102.481,16,ML,1.8
2021,1,15,2,11,5.61,26.327,102.534,22,ML,1.4
2021,1,15,16,18,58.64,26.318,102.451,23,ML,2.4
2021,1,30,9,8,39.03,26.306,102.449,12,ML,1.9
2021,2,6,13,11,0.49,26.312,102.388,19,ML,1.8
2021,2,10,20,31,58.56,26.058,102.724,10,ML,2.0
2021,2,12,1,26,38.89,26.087,102.701,16,ML,1.6
2021,2,12,14,41,27.5,26.303,102.436,23,ML,1.9
2021,2,14,6,51,3.59,26.306,102.457,20,ML,1.9
2021,2,15,2,43,19.16,26.329,102.439,10,ML,1.8
2021,2,24,17,55,18.91,26.285,102.449,10,ML,2.2
2021,3,1,7,40,20.23,26.284,102.469,14,ML,1.7
2021,3,6,21,6,40.31,26.292,102.635,6,ML,1.8
2021,3,16,7,39,5.55,26.013,103.135,14,ML,2.0
2021,3,20,3,49,19.56,26.343,102.432,13,ML,1.4
2021,3,28,4,47,42.61,26.013,102.456,10,ML,1.6
2021,4,8,8,47,1.79,26.308,103.086,9,ML,1.3
2021,4,9,14,31,28.76,26.24,102.98,27,ML,2.1
2021,4,11,23,14,6.16,26.274,102.926,16,ML,2.7
2021,4,19,1,12,25.96,26.31,102.436,19,ML,1.5
2021,4,24,12,0,33.84,26.223,102.31,20,ML,1.9
2021,5,18,11,36,35.46,26.305,102.364,14,ML,2.2
2021,6,4,23,37,3.04,26.363,102.432,14,ML,1.5
2021,6,8,1,48,42.65,26.174,103.083,10,ML,1.6
2021,6,12,7,29,11.91,26.39,102.916,12,ML,1.9
2021,6,14,6,22,6.93,26.332,102.456,17,ML,1.7
2021,6,16,1,43,30.62,26.292,103.485,24,ML,1.3
2021,6,19,19,43,25.93,26.345,103.455,16,ML,1.1
2021,6,22,0,26,8.53,26.244,102.394,10,ML,1.4
2021,6,22,3,46,23.72,26.3,102.46,4,ML,3.1
2021,6,25,2,47,51.72,26.277,102.518,14,ML,1.6
2021,7,2,19,42,56.05,26.305,102.459,8,ML,2.1
2021,7,3,4,19,29.14,26.189,102.96,18,ML,1.9
2021,7,4,15,21,49.31,26.335,102.724,10,ML,2.9
2021,7,6,5,10,2.63,26.287,102.507,19,ML,1.6
2021,7,7,3,36,44.74,26.305,102.473,17,ML,1.8
2021,7,8,3,55,52.22,26.351,102.915,19,ML,1.8
2021,7,13,15,3,35.38,26.395,102.942,19,ML,2.5
2021,7,16,4,32,2.88,26.124,102.195,5,ML,1.4
2021,7,17,4,12,21.38,26.007,103.12,16,ML,1.5
2021,7,22,14,38,51.58,26.397,102.942,10,ML,2.4
2021,7,22,22,8,22.58,26.316,102.442,23,ML,1.7
2021,8,1,10,51,54.85,26.322,102.411,8,ML,2.1
2021,8,1,12,0,8.65,26.148,103.522,13,ML,1.7
2021,8,1,21,20,59.7,26.304,102.426,4,ML,1.9
2021,8,1,22,20,20.47,26.31,102.422,19,ML,1.4
2021,8,2,14,9,14.68,26.055,102.731,10,ML,1.9
2021,8,3,12,38,7.64,26.379,102.969,18,ML,1.6
2021,8,9,1,23,47.62,26.142,102.739,10,ML,1.8
2021,8,14,14,51,36.28,26.398,102.203,2,ML,1.7
2021,8,14,23,17,52.26,26.295,102.442,17,ML,1.4
2021,8,22,17,11,5.54,26.127,102.249,20,ML,2.9
2021,9,4,21,41,24.48,26.167,103.308,21,ML,1.2
2021,9,11,3,53,12.48,26.302,102.442,19,ML,1.4
2021,9,12,20,44,53.33,26.32,102.478,6,ML,2.0
2021,9,14,16,52,31.71,26.324,103.449,24,ML,2.0
2021,9,22,11,24,17.52,26.397,103.026,11,ML,2.1
2021,9,25,20,36,54.25,26.338,102.453,10,ML,1.9
2021,9,26,23,24,42.37,26.368,102.974,10,ML,2.0
2021,9,27,17,12,31.49,26.341,102.957,15,ML,2.3
2021,10,1,17,24,38.43,26.33,102.714,19,ML,2.7
2021,10,3,10,23,3.99,26.182,103.02,8,ML,2.2
2021,10,7,23,14,50.11,26.393,102.716,19,ML,2.1
2021,10,13,19,16,58.35,26.287,102.416,5,ML,1.4
2021,10,15,0,13,58.19,26.348,102.99,18,ML,1.1
2021,10,15,19,59,37.89,26.034,103.101,11,ML,1.8
2021,10,15,22,17,42.72,26.03,103.118,13,ML,1.4
2021,10,16,10,26,59.68,26.328,102.973,13,ML,1.9
2021,10,22,0,26,36.54,26.283,102.433,11,ML,1.7
2021,11,3,22,57,19.97,26.325,102.947,7,ML,2.7
2021,11,3,23,32,41.2,26.335,102.952,6,ML,1.7
2021,11,17,17,25,57.7,26.23,102.942,5,ML,2.1
2021,11,18,20,8,1.31,26.355,102.984,16,ML,2.0
2021,11,22,4,46,47.42,26.344,103.038,10,ML,1.4
2021,11,22,21,57,8.92,26.396,102.457,7,ML,1.9
2021,11,22,23,12,32.52,26.301,102.463,16,ML,1.6
2021,11,27,20,19,26.27,26.177,103.292,12,ML,1.1
2021,11,30,14,35,51.81,26.371,102.952,6,ML,2.0
2021,12,3,3,31,20.03,26.266,103.375,10,ML,1.2
2021,12,7,6,57,28.73,26.334,102.627,15,ML,2.4
2021,12,18,6,43,32.79,26.014,102.318,10,ML,1.6
2021,12,24,15,58,29.26,26.072,102.215,8,ML,3.8
2021,12,25,23,45,9.39,26.158,102.269,14,ML,1.4
2021,12,30,1,45,42.82,26.353,102.464,12,ML,1.7
2022,1,5,22,52,58.91,26.323,102.964,7,ML,2.0
2022,1,16,15,27,53.88,26.143,103.254,37,ML,1.9
2022,1,21,10,54,57.53,26.324,102.969,11,ML,2.4
2022,1,21,13,27,28.19,26.339,103.013,18,ML,1.5
2022,1,22,6,40,52.46,26.139,102.208,21,ML,1.6
2022,1,29,3,45,48.43,26.297,102.94,14,ML,1.6
2022,1,31,6,20,58.75,26.301,102.661,19,ML,2.9
2022,2,1,18,36,0.32,26.014,102.315,9,ML,1.6
2022,3,6,12,4,11.18,26.231,102.919,7,ML,2.1
2022,3,15,23,49,35.42,26.295,102.926,5,ML,1.9
2022,3,29,4,3,2.66,26.313,102.461,5,ML,1.8
2022,4,14,19,8,21.65,26.273,103.068,24,ML,1.7
2022,4,15,5,29,1.34,26.057,103.124,10,ML,1.8
2022,4,17,16,38,9.5,26.316,102.952,10,ML,1.9
2022,4,17,18,47,58.16,26.155,103.518,15,ML,1.7
2022,4,18,2,56,29.88,26.254,102.966,23,ML,1.7
2022,4,19,3,15,32.85,26.073,103.133,12,ML,2.2
2022,4,27,10,11,39.59,26.254,102.251,20,ML,2.3
2022,5,2,4,54,26.76,26.324,102.465,10,ML,1.2
2022,5,9,15,52,56.43,26.389,102.754,20,ML,2.8
2022,5,21,15,21,9.27,26.277,102.886,15,ML,2.1
2022,5,24,18,2,17.92,26.39,103.286,6,ML,1.7
2022,5,31,4,51,24.46,26.291,102.663,3,ML,1.8
2022,6,1,9,48,46.51,26.355,102.959,23,ML,2.4
2022,6,6,18,10,20.74,26.047,102.176,14,ML,1.3
2022,6,26,22,16,8.05,26.38,102.679,8,ML,2.0
2022,7,8,23,20,28.64,26.335,102.963,13,ML,2.4
2022,7,18,10,1,37.13,26.311,102.365,22,ML,2.5
2022,7,31,20,49,10.95,26.281,102.728,13,ML,2.5
2022,8,17,1,48,26.99,26.025,103.115,14,ML,2.3
2022,8,22,12,7,3.07,26.036,103.094,10,ML,1.7
2022,9,1,2,10,3.13,26.315,102.9,19,ML,2.3
2022,9,7,19,14,43.4,26.059,103.529,6,ML,2.2
2022,9,9,0,8,36.69,26.335,103.151,14,ML,1.2
2022,9,9,23,39,48.25,26.294,102.477,15,ML,1.5
2022,9,18,0,47,21.37,26.336,103.104,7,ML,1.6
2022,9,18,1,18,50.38,26.25,102.222,8,ML,1.2
2022,9,18,2,35,47.03,26.349,103.11,11,ML,1.4
2022,9,19,6,34,25.2,26.341,103.104,7,ML,1.3
2022,9,28,11,50,58.4,26.392,103.098,10,ML,1.8
2022,10,10,6,55,25.68,26.4,103.088,15,ML,1.4
2022,10,10,20,37,24.44,26.213,102.325,10,ML,1.6
2022,10,12,16,0,36.82,26.032,102.652,10,ML,1.9
2022,10,15,20,25,36.32,26.266,102.656,18,ML,2.2
2022,10,23,11,4,30.78,26.012,102.63,15,ML,2.4
2022,10,23,23,57,14.76,26.156,102.246,19,ML,1.4
2022,11,3,13,58,41.14,26.061,102.64,6,ML,1.9
2022,11,3,14,1,4.33,26.34,102.448,14,ML,2.3
2022,11,11,15,40,18.29,26.384,103.13,21,ML,1.6
2022,11,13,3,32,11.52,26.051,103.084,10,ML,2.0
2022,11,13,13,19,36.2,26.33,102.953,5,ML,2.1
2022,11,13,13,23,31.15,26.358,103.013,6,ML,2.5
2022,11,16,0,35,45.05,26.344,102.975,16,ML,1.7
2022,11,26,7,53,21.09,26.013,102.618,10,ML,2.7
2022,11,26,8,1,49.65,26.013,102.629,10,ML,2.4
2022,11,28,21,39,41.15,26.36,102.448,21,ML,2.3
2022,12,8,1,0,18.28,26.294,102.624,17,ML,2.0
2022,12,27,2,41,51.17,26.333,102.449,16,ML,1.3
2022,12,27,5,20,0.6,26.347,102.453,18,ML,1.6
2022,12,29,12,38,24.06,26.4,102.948,16,ML,2.0
2023,1,2,19,0,7.89,26.348,102.438,16,ML,2.0
2023,1,9,12,22,40.28,26.355,102.971,6,ML,2.1
2023,1,9,15,10,19.85,26.32,103.008,16,ML,2.2
2023,1,10,2,53,58.67,26.331,103.0,21,ML,1.9
2023,1,10,9,1,44.46,26.341,102.975,13,ML,1.5
2023,1,18,21,40,45.87,26.326,102.992,22,ML,1.7
2023,2,2,0,3,48.8,26.281,102.983,23,ML,1.3
2023,2,3,15,31,57.62,26.285,102.953,17,ML,2.0
2023,3,16,0,57,9.81,26.333,103.474,13,ML,1.1
2023,3,17,22,34,47.77,26.359,103.398,10,ML,1.5
2023,3,25,19,27,53.38,26.042,103.164,10,ML,2.4
2023,3,31,22,11,8.63,26.016,102.651,18,ML,1.9
2023,4,2,4,22,58.39,26.283,102.2,17,ML,3.4
2023,4,2,4,44,16.87,26.274,102.192,17,ML,1.5
2023,4,7,8,2,19.14,26.022,103.231,10,ML,1.8
2023,4,13,23,35,37.09,26.274,102.191,15,ML,1.4
2023,4,14,16,11,12.76,26.006,102.623,8,ML,2.0
2023,4,24,14,54,13.74,26.35,102.731,19,ML,2.8
2023,5,11,22,20,48.48,26.329,102.505,12,ML,2.7
2023,5,11,23,29,10.05,26.288,102.513,8,ML,1.6
2023,5,13,16,21,25.75,26.007,102.644,14,ML,2.0
2023,6,4,10,29,51.15,26.311,102.449,19,ML,2.2
2023,6,10,23,58,49.5,26.293,102.484,8,ML,1.2
2023,6,11,3,27,46.64,26.327,102.499,18,ML,2.3
2023,6,11,3,32,51.47,26.354,102.478,20,ML,1.2
2023,6,13,9,59,45.28,26.13,102.166,9,ML,1.9
2023,6,18,0,23,34.98,26.371,103.167,22,ML,1.3
2023,6,18,0,23,38.22,26.371,103.122,19,ML,1.7
2023,7,24,4,50,14.74,26.093,103.413,10,ML,1.5
2023,7,30,23,54,12.23,26.398,102.955,18,ML,1.7
